year,PM25_Emissions,Region,sector,subsector,activity,capacity,longitude,latitude
2024,410.443,Tarragona Province,buildings,non-residential-onsite-fuel-usage,5106770841.0,204564474.1,0.6258435927443824,41.052778243500114
2024,133.889,Guadalajara Province,buildings,non-residential-onsite-fuel-usage,1665858047.0,66730108.96,-2.505668652764934,40.74032974300007
2024,266.83519,Cáceres Province,buildings,residential-onsite-fuel-usage,3317881765.0,242342993.7,-6.13814599789866,39.75937461800007
2024,344.391,A Coruña Province,buildings,non-residential-onsite-fuel-usage,4284915742.0,171643014.4,-8.580651201226326,43.15250000000012
2024,497.78285,Girona Province,buildings,residential-onsite-fuel-usage,6180039092.0,451311631.0,2.8369904067666276,42.0729329640001
2024,373.15244,Navarra Province,buildings,residential-onsite-fuel-usage,4636742197.0,338663447.7,-1.8393284876650535,42.61185067150011
2024,3632.865,Almería Province,buildings,non-residential-onsite-fuel-usage,45200943449.0,1810636806.0,-2.188809025562483,37.29833412250005
2024,856.98277,Sevilla Province,buildings,residential-onsite-fuel-usage,10657163238.0,778530387.9,-5.650463713465193,37.51887356600005
2024,39.356,Soria Province,buildings,non-residential-onsite-fuel-usage,489655090.6,19614359.1,-2.7217771840309224,41.60160064700011
2024,457.63405,Badajoz Province,buildings,residential-onsite-fuel-usage,5689165436.0,415539639.7,-6.221068240773418,38.69645881650007
2024,299.97462,Valladolid Province,buildings,residential-onsite-fuel-usage,3730347408.0,272510493.2,-4.697193412703777,41.704347369500084
2024,402.869,Zaragoza Province,buildings,non-residential-onsite-fuel-usage,5012551561.0,200790286.0,-1.1697709965256755,41.83966064500015
2024,206.172,Toledo Province,buildings,non-residential-onsite-fuel-usage,2565204060.0,102755662.7,-4.103428607533116,39.7881469725001
2024,2240.16789,Barcelona Province,buildings,residential-onsite-fuel-usage,27858334162.0,2035115650.0,2.0312108587995072,41.7583713535001
2024,547.09643,Cádiz Province,buildings,residential-onsite-fuel-usage,6803512419.0,496998752.7,-5.900672801085365,36.526109695500054
2024,360.16161,Ciudad Real Province,buildings,residential-onsite-fuel-usage,4478762976.0,327183979.6,-3.883169471189615,38.958520889000056
2024,177.11433,Guadalajara Province,buildings,residential-onsite-fuel-usage,2202475374.0,160895913.0,-2.505668652764934,40.74032974300007
2024,199.12575,Huesca Province,buildings,residential-onsite-fuel-usage,2475684387.0,180848689.1,-0.028993948674146175,42.13632948600005
2024,136.77452,Álava Province,buildings,residential-onsite-fuel-usage,1700876851.0,124252982.2,-2.6820993654164864,42.84442329350017
2024,342.325,Cádiz Province,buildings,non-residential-onsite-fuel-usage,4259279598.0,170620160.7,-5.900672801085365,36.526109695500054
2024,50.113,Ourense Province,buildings,non-residential-onsite-fuel-usage,623451524.2,24973965.64,-7.53721936116848,42.19283866850006
2024,511.72427,Toledo Province,buildings,residential-onsite-fuel-usage,6363598295.0,464875551.3,-4.103428607533116,39.7881469725001
2024,324.05486,Huelva Province,buildings,residential-onsite-fuel-usage,4029512277.0,294207916.1,-6.92319106409883,37.502590179000066
2024,834.16153,Almería Province,buildings,residential-onsite-fuel-usage,10373431621.0,757803138.7,-2.188809025562483,37.29833412250005
2024,212.34496,Salamanca Province,buildings,residential-onsite-fuel-usage,2638115377.0,192521422.4,-6.021433992788122,40.766546249500095
2024,17.57809,Melilla Autonomous City,buildings,residential-onsite-fuel-usage,199193529.4,14540779.94,-2.9504084049293517,35.30152893100009
2024,539.17093,Las Palmas Province,buildings,residential-onsite-fuel-usage,6705009669.0,489816441.9,-15.605971858999936,27.958055496500094
2024,100.036,Albacete Province,buildings,non-residential-onsite-fuel-usage,1244637214.0,49857055.36,-1.9549596399683145,38.72314643850012
2024,78.237,Palencia Province,buildings,non-residential-onsite-fuel-usage,973435642.8,38993398.6,-4.621076910685504,42.40712547300009
2024,18.473,Ceuta Autonomous City,buildings,non-residential-onsite-fuel-usage,168915298.6,6766412.028,-5.35890504518811,35.89638900850014
2024,573.73612,Granada Province,buildings,residential-onsite-fuel-usage,7134766917.0,521211201.7,-3.238942254923356,37.38922691350009
2024,424.49248,Córdoba Province,buildings,residential-onsite-fuel-usage,5278751284.0,385624972.7,-4.846699292215064,37.95584106400014
2024,196.621,Santa Cruz de Tenerife Province,buildings,non-residential-onsite-fuel-usage,2446374028.0,97995628.51,-16.621805191499902,28.293333053500156
2024,271.043,Granada Province,buildings,non-residential-onsite-fuel-usage,3372347490.0,135087810.8,-3.238942254923356,37.38922691350009
2024,300.70845,Vizcaya Province,buildings,residential-onsite-fuel-usage,3739551219.0,273182850.6,-2.852004148292613,43.238744736000086
2024,1124.733,Valencia Province,buildings,non-residential-onsite-fuel-usage,13994137809.0,560570181.8,-0.7972164061750873,39.33421308850009
2024,189.407,Pontevedra Province,buildings,non-residential-onsite-fuel-usage,2350736384.0,94169026.38,-8.534215909656234,42.36472299950012
2024,71.709,Lugo Province,buildings,non-residential-onsite-fuel-usage,892207594.4,35739606.19,-7.456360995692844,43.039630890000126
2024,171.78901,La Rioja Province,buildings,residential-onsite-fuel-usage,2136302755.0,156061850.2,-2.482983307397377,42.284181595500115
2024,206.4827,Burgos Province,buildings,residential-onsite-fuel-usage,2567698395.0,187576298.4,-3.677223011986082,42.32509040800004
2024,43.962,Cuenca Province,buildings,non-residential-onsite-fuel-usage,546967960.3,21910169.22,-2.1531717786788542,39.94250488300011
2024,398.05057,Santa Cruz de Tenerife Province,buildings,residential-onsite-fuel-usage,4950071171.0,361614132.2,-16.621805191499902,28.293333053500156
2024,31.19959,Ceuta Autonomous City,buildings,residential-onsite-fuel-usage,301860028.6,22051407.93,-5.35890504518811,35.89638900850014
2024,113.247,La Rioja Province,buildings,non-residential-onsite-fuel-usage,1409028157.0,56442145.78,-2.482983307397377,42.284181595500115
2024,1345.24264,Alicante Province,buildings,residential-onsite-fuel-usage,16729164331.0,1222104091.0,-0.7490538943273265,38.36546350150013
2024,29.909,Ávila Province,buildings,non-residential-onsite-fuel-usage,372135493.5,14906817.74,-4.834634274315016,40.62453271400011
2024,382.263,Vizcaya Province,buildings,non-residential-onsite-fuel-usage,4756169579.0,190520263.8,-2.852004148292613,43.238744736000086
2024,34.671,Segovia Province,buildings,non-residential-onsite-fuel-usage,431367106.0,17279487.91,-4.182494348737591,41.10898399350009
2024,553.51567,A Coruña Province,buildings,residential-onsite-fuel-usage,6883322026.0,502842570.8,-8.580651201226326,43.15250000000012
2024,225.18329,Lugo Province,buildings,residential-onsite-fuel-usage,2800205050.0,204561445.6,-7.456360995692844,43.039630890000126
2024,173.679,Badajoz Province,buildings,non-residential-onsite-fuel-usage,2160860180.0,86559201.44,-6.221068240773418,38.69645881650007
2024,6.545,Melilla Autonomous City,buildings,non-residential-onsite-fuel-usage,73399949.89,3055513.668,-2.9504084049293517,35.30152893100009
2024,852.27009,Málaga Province,buildings,residential-onsite-fuel-usage,10598635459.0,774254796.1,-4.545060535891765,36.7924575805001
2024,80.26878,Soria Province,buildings,residential-onsite-fuel-usage,998125693.0,72915386.65,-2.7217771840309224,41.60160064700011
2024,193.59,Valladolid Province,buildings,non-residential-onsite-fuel-usage,2408676492.0,96485559.89,-4.697193412703777,41.704347369500084
2024,2166.83862,Madrid Province,buildings,residential-onsite-fuel-usage,26946436331.0,1968499413.0,-3.76884780075516,40.522186280000106
2024,1285.88424,Valencia Province,buildings,residential-onsite-fuel-usage,15990974285.0,1168177608.0,-0.7972164061750873,39.33421308850009
2024,276.31689,León Province,buildings,residential-onsite-fuel-usage,3436154399.0,251019014.7,-5.971272670301904,42.63412094150013
2024,1874.962,Barcelona Province,buildings,non-residential-onsite-fuel-usage,23328651232.0,934487455.7,2.0312108587995072,41.7583713535001
2024,984.65788,Murcia Province,buildings,residential-onsite-fuel-usage,12244935758.0,894520838.9,-1.671337066439492,38.062816619500126
2024,122.77905,Palencia Province,buildings,residential-onsite-fuel-usage,1526816998.0,111537507.9,-4.621076910685504,42.40712547300009
2024,176.765,Álava Province,buildings,non-residential-onsite-fuel-usage,2199341044.0,88100105.06,-2.6820993654164864,42.84442329350017
2024,79.887,Salamanca Province,buildings,non-residential-onsite-fuel-usage,993867186.3,39812019.47,-6.021433992788122,40.766546249500095
2024,43.677,Zamora Province,buildings,non-residential-onsite-fuel-usage,543409397.6,21767778.02,-5.942875961149477,41.68618202250005
2024,402.8739,Asturias Province,buildings,residential-onsite-fuel-usage,5009956323.0,365988879.4,-5.85352989556379,43.273590087500025
2024,770.618,Murcia Province,buildings,non-residential-onsite-fuel-usage,9588129396.0,384076497.8,-1.671337066439492,38.062816619500126
2024,323.056,Asturias Province,buildings,non-residential-onsite-fuel-usage,4019511053.0,161011564.9,-5.85352989556379,43.273590087500025
2024,1335.918,Madrid Province,buildings,non-residential-onsite-fuel-usage,16621732350.0,665825049.7,-3.76884780075516,40.522186280000106
2024,188.995,Burgos Province,buildings,non-residential-onsite-fuel-usage,2351409488.0,94191585.9,-3.677223011986082,42.32509040800004
2024,540.65876,Zaragoza Province,buildings,residential-onsite-fuel-usage,6723370401.0,491157735.6,-1.1697709965256755,41.83966064500015
2024,189.83298,Ourense Province,buildings,residential-onsite-fuel-usage,2352731595.0,171744556.1,-7.53721936116848,42.19283866850006
2024,565.213,Sevilla Province,buildings,non-residential-onsite-fuel-usage,7032464340.0,281702943.0,-5.650463713465193,37.51887356600005
2024,201.234,Las Palmas Province,buildings,non-residential-onsite-fuel-usage,2503778887.0,100295123.9,-15.605971858999936,27.958055496500094
2024,89.881,Huesca Province,buildings,non-residential-onsite-fuel-usage,1118105215.0,44787811.54,-0.028993948674146175,42.13632948600005
2024,637.81756,Tarragona Province,buildings,residential-onsite-fuel-usage,7931725199.0,579430845.0,0.6258435927443824,41.052778243500114
2024,215.546,Girona Province,buildings,non-residential-onsite-fuel-usage,2680926946.0,107389739.8,2.8369904067666276,42.0729329640001
2024,153.321,Cantabria Province,buildings,non-residential-onsite-fuel-usage,1907633652.0,76415035.61,-4.263470109485208,43.13639831550009
2024,187.728,Huelva Province,buildings,non-residential-onsite-fuel-usage,2335755185.0,93566331.32,-6.92319106409883,37.502590179000066
2024,194.86029,Guipúzcoa Province,buildings,residential-onsite-fuel-usage,2391907926.0,173946722.1,-2.2041852145083523,43.14480590900007
2024,142.22248,Ávila Province,buildings,residential-onsite-fuel-usage,1768604685.0,129200656.5,-4.834634274315016,40.62453271400011
2024,335.882,Málaga Province,buildings,non-residential-onsite-fuel-usage,4179086259.0,167403748.2,-4.545060535891765,36.7924575805001
2024,385.23,Castellón Province,buildings,non-residential-onsite-fuel-usage,4793111170.0,192000052.2,-0.06104967888676971,40.252437592500165
2024,167.608,Lleida Province,buildings,non-residential-onsite-fuel-usage,2085358615.0,83534288.87,1.1801861433147387,42.06923350000008
2024,112.843,León Province,buildings,non-residential-onsite-fuel-usage,1403981166.0,56239976.08,-5.971272670301904,42.63412094150013
2024,441.35788,Castellón Province,buildings,residential-onsite-fuel-usage,5488563920.0,400952269.0,-0.06104967888676971,40.252437592500165
2024,215.381,Guipúzcoa Province,buildings,non-residential-onsite-fuel-usage,2644335881.0,105669825.8,-2.2041852145083523,43.14480590900007
2024,133.96,Jaén Province,buildings,non-residential-onsite-fuel-usage,1666740572.0,66765461.09,-3.4928591505760718,37.955600739500085
2024,46.763,Teruel Province,buildings,non-residential-onsite-fuel-usage,581810271.3,23305864.88,-0.9226891465859627,40.60135078450011
2024,148.9793,Zamora Province,buildings,residential-onsite-fuel-usage,1851650176.0,135231186.5,-5.942875961149477,41.68618202250005
2024,79.369,Cáceres Province,buildings,non-residential-onsite-fuel-usage,987331996.8,39550219.24,-6.13814599789866,39.75937461800007
2024,364.21824,Jaén Province,buildings,residential-onsite-fuel-usage,4529259148.0,330872841.3,-3.4928591505760718,37.955600739500085
2024,292.02161,Lleida Province,buildings,residential-onsite-fuel-usage,3631238360.0,265269270.8,1.1801861433147387,42.06923350000008
2024,526.36,Alicante Province,buildings,non-residential-onsite-fuel-usage,6549065961.0,262339213.0,-0.7490538943273265,38.36546350150013
2024,256.027,Baleares Province,buildings,non-residential-onsite-fuel-usage,3185540807.0,127604802.0,2.8798615590000907,39.61305452000008
2024,144.105,Ciudad Real Province,buildings,non-residential-onsite-fuel-usage,1792971024.0,71821937.62,-3.883169471189615,38.958520889000056
2024,853.11192,Baleares Province,buildings,residential-onsite-fuel-usage,10609101309.0,775019352.0,2.8798615590000907,39.61305452000008
2024,244.26902,Albacete Province,buildings,residential-onsite-fuel-usage,3037576678.0,221901991.5,-1.9549596399683145,38.72314643850012
2024,127.10407,Segovia Province,buildings,residential-onsite-fuel-usage,1580593304.0,115465991.4,-4.182494348737591,41.10898399350009
2024,317.52,Navarra Province,buildings,non-residential-onsite-fuel-usage,3948077172.0,158145880.4,-1.8393284876650535,42.61185067150011
2024,211.714,Córdoba Province,buildings,non-residential-onsite-fuel-usage,2634179012.0,105518626.9,-4.846699292215064,37.95584106400014
2024,129.67938,Teruel Province,buildings,residential-onsite-fuel-usage,1612559702.0,117801210.4,-0.9226891465859627,40.60135078450011
2024,537.21019,Pontevedra Province,buildings,residential-onsite-fuel-usage,6575207177.0,479252565.2,-8.534215909656234,42.36472299950012
2024,228.8014,Cantabria Province,buildings,residential-onsite-fuel-usage,2845296708.0,207855494.9,-4.263470109485208,43.13639831550009
2024,190.47364,Cuenca Province,buildings,residential-onsite-fuel-usage,2368574228.0,173029817.4,-2.1531717786788542,39.94250488300011
2025,412.00521,Tarragona Province,buildings,non-residential-onsite-fuel-usage,5126213800.0,205343311.1,0.6258435927443824,41.052778243500114
2025,134.86606,Guadalajara Province,buildings,non-residential-onsite-fuel-usage,1678005551.0,67216708.08,-2.505668652764934,40.74032974300007
2025,268.09893,Cáceres Province,buildings,residential-onsite-fuel-usage,3333595829.0,243490733.3,-6.13814599789866,39.75937461800007
2025,346.11389,A Coruña Province,buildings,non-residential-onsite-fuel-usage,4306359647.0,172502002.7,-8.580651201226326,43.15250000000012
2025,500.04813,Girona Province,buildings,residential-onsite-fuel-usage,6208161381.0,453365250.9,2.8369904067666276,42.0729329640001
2025,375.17159,Navarra Province,buildings,residential-onsite-fuel-usage,4661808894.0,340494252.3,-1.8393284876650535,42.61185067150011
2025,3655.26132,Almería Province,buildings,non-residential-onsite-fuel-usage,45479600300.0,1821799109.0,-2.188809025562483,37.29833412250005
2025,859.53327,Sevilla Province,buildings,residential-onsite-fuel-usage,10688880270.0,780847389.0,-5.650463713465193,37.51887356600005
2025,40.13741,Soria Province,buildings,non-residential-onsite-fuel-usage,499389129.3,20004280.36,-2.7217771840309224,41.60160064700011
2025,463.44344,Badajoz Province,buildings,residential-onsite-fuel-usage,5761401826.0,420816383.8,-6.221068240773418,38.69645881650007
2025,301.36488,Valladolid Province,buildings,residential-onsite-fuel-usage,3747635504.0,273773428.7,-4.697193412703777,41.704347369500084
2025,405.38194,Zaragoza Province,buildings,non-residential-onsite-fuel-usage,5043824467.0,202042999.7,-1.1697709965256755,41.83966064500015
2025,207.44317,Toledo Province,buildings,non-residential-onsite-fuel-usage,2581028218.0,103389538.5,-4.103428607533116,39.7881469725001
2025,2245.93571,Barcelona Province,buildings,residential-onsite-fuel-usage,27930061530.0,2040355498.0,2.0312108587995072,41.7583713535001
2025,548.57817,Cádiz Province,buildings,residential-onsite-fuel-usage,6821938430.0,498344768.7,-5.900672801085365,36.526109695500054
2025,361.88113,Ciudad Real Province,buildings,residential-onsite-fuel-usage,4500146170.0,328746070.2,-3.883169471189615,38.958520889000056
2025,178.6148,Guadalajara Province,buildings,residential-onsite-fuel-usage,2221134777.0,162259025.5,-2.505668652764934,40.74032974300007
2025,200.86581,Huesca Province,buildings,residential-onsite-fuel-usage,2497318576.0,182429039.9,-0.028993948674146175,42.13632948600005
2025,137.45142,Álava Province,buildings,residential-onsite-fuel-usage,1709294614.0,124867918.6,-2.6820993654164864,42.84442329350017
2025,343.39878,Cádiz Province,buildings,non-residential-onsite-fuel-usage,4272631307.0,171155043.8,-5.900672801085365,36.526109695500054
2025,50.38206,Ourense Province,buildings,non-residential-onsite-fuel-usage,626805011.4,25108298.24,-7.53721936116848,42.19283866850006
2025,514.08171,Toledo Province,buildings,residential-onsite-fuel-usage,6392914803.0,467017190.1,-4.103428607533116,39.7881469725001
2025,326.01302,Huelva Province,buildings,residential-onsite-fuel-usage,4053861479.0,295985816.0,-6.92319106409883,37.502590179000066
2025,838.75364,Almería Province,buildings,residential-onsite-fuel-usage,10430537781.0,761974874.9,-2.188809025562483,37.29833412250005
2025,213.29269,Salamanca Province,buildings,residential-onsite-fuel-usage,2649896469.0,193381685.6,-6.021433992788122,40.766546249500095
2025,17.60351,Melilla Autonomous City,buildings,residential-onsite-fuel-usage,199451562.5,14559613.69,-2.9504084049293517,35.30152893100009
2025,549.61863,Las Palmas Province,buildings,residential-onsite-fuel-usage,6834935599.0,499307830.3,-15.605971858999936,27.958055496500094
2025,100.96353,Albacete Province,buildings,non-residential-onsite-fuel-usage,1256182849.0,50319544.82,-1.9549596399683145,38.72314643850012
2025,78.81198,Palencia Province,buildings,non-residential-onsite-fuel-usage,980581263.7,39279634.64,-4.621076910685504,42.40712547300009
2025,18.5997,Ceuta Autonomous City,buildings,non-residential-onsite-fuel-usage,169766714.8,6800517.471,-5.35890504518811,35.89638900850014
2025,576.5252,Granada Province,buildings,residential-onsite-fuel-usage,7169450757.0,523744935.5,-3.238942254923356,37.38922691350009
2025,426.88164,Córdoba Province,buildings,residential-onsite-fuel-usage,5308461411.0,387795364.9,-4.846699292215064,37.95584106400014
2025,196.91213,Santa Cruz de Tenerife Province,buildings,non-residential-onsite-fuel-usage,2449993166.0,98140601.95,-16.621805191499902,28.293333053500156
2025,272.30327,Granada Province,buildings,non-residential-onsite-fuel-usage,3388024233.0,135715781.6,-3.238942254923356,37.38922691350009
2025,301.46846,Vizcaya Province,buildings,residential-onsite-fuel-usage,3749002456.0,273873286.4,-2.852004148292613,43.238744736000086
2025,1128.72176,Valencia Province,buildings,non-residential-onsite-fuel-usage,14043773147.0,562558448.3,-0.7972164061750873,39.33421308850009
2025,189.90231,Pontevedra Province,buildings,non-residential-onsite-fuel-usage,2356850623.0,94414076.39,-8.534215909656234,42.36472299950012
2025,72.17975,Lugo Province,buildings,non-residential-onsite-fuel-usage,898055407.8,35973854.71,-7.456360995692844,43.039630890000126
2025,172.81857,La Rioja Province,buildings,residential-onsite-fuel-usage,2149106028.0,156997159.0,-2.482983307397377,42.284181595500115
2025,207.921,Burgos Province,buildings,residential-onsite-fuel-usage,2585584741.0,188882936.8,-3.677223011986082,42.32509040800004
2025,44.35785,Cuenca Province,buildings,non-residential-onsite-fuel-usage,551876437.7,22106790.55,-2.1531717786788542,39.94250488300011
2025,398.80481,Santa Cruz de Tenerife Province,buildings,residential-onsite-fuel-usage,4959450922.0,362299343.8,-16.621805191499902,28.293333053500156
2025,31.31959,Ceuta Autonomous City,buildings,residential-onsite-fuel-usage,302341217.7,22086558.09,-5.35890504518811,35.89638900850014
2025,113.97783,La Rioja Province,buildings,non-residential-onsite-fuel-usage,1418124657.0,56806529.11,-2.482983307397377,42.284181595500115
2025,1352.72257,Alicante Province,buildings,residential-onsite-fuel-usage,16822182754.0,1228899306.0,-0.7490538943273265,38.36546350150013
2025,30.09617,Ávila Province,buildings,non-residential-onsite-fuel-usage,374454262.1,14999701.76,-4.834634274315016,40.62453271400011
2025,382.99988,Vizcaya Province,buildings,non-residential-onsite-fuel-usage,4765346665.0,190887874.6,-2.852004148292613,43.238744736000086
2025,34.94221,Segovia Province,buildings,non-residential-onsite-fuel-usage,434738143.3,17414523.22,-4.182494348737591,41.10898399350009
2025,557.74617,A Coruña Province,buildings,residential-onsite-fuel-usage,6935931220.0,506685793.2,-8.580651201226326,43.15250000000012
2025,226.73513,Lugo Province,buildings,residential-onsite-fuel-usage,2819502537.0,205971172.1,-7.456360995692844,43.039630890000126
2025,177.14387,Badajoz Province,buildings,non-residential-onsite-fuel-usage,2203965653.0,88285899.8,-6.221068240773418,38.69645881650007
2025,6.56479,Melilla Autonomous City,buildings,non-residential-onsite-fuel-usage,73620900.97,3064739.467,-2.9504084049293517,35.30152893100009
2025,856.03903,Málaga Province,buildings,residential-onsite-fuel-usage,10645504887.0,777678718.4,-4.545060535891765,36.7924575805001
2025,80.96856,Soria Province,buildings,residential-onsite-fuel-usage,1006828083.0,73551116.63,-2.7217771840309224,41.60160064700011
2025,194.32644,Valladolid Province,buildings,non-residential-onsite-fuel-usage,2417836993.0,96852506.68,-4.697193412703777,41.704347369500084
2025,2174.02308,Madrid Province,buildings,residential-onsite-fuel-usage,27035780219.0,1975026178.0,-3.76884780075516,40.522186280000106
2025,1290.45711,Valencia Province,buildings,residential-onsite-fuel-usage,16047840921.0,1172331840.0,-0.7972164061750873,39.33421308850009
2025,277.76417,León Province,buildings,residential-onsite-fuel-usage,3454152143.0,252333791.8,-5.971272670301904,42.63412094150013
2025,1879.17421,Barcelona Province,buildings,non-residential-onsite-fuel-usage,23381054603.0,936586602.2,2.0312108587995072,41.7583713535001
2025,991.21087,Murcia Province,buildings,residential-onsite-fuel-usage,12326426488.0,900473924.2,-1.671337066439492,38.062816619500126
2025,123.67549,Palencia Province,buildings,residential-onsite-fuel-usage,1537964711.0,112351874.7,-4.621076910685504,42.40712547300009
2025,177.64035,Álava Province,buildings,non-residential-onsite-fuel-usage,2210217858.0,88535802.72,-2.6820993654164864,42.84442329350017
2025,80.3516,Salamanca Province,buildings,non-residential-onsite-fuel-usage,999634634.4,40043049.6,-6.021433992788122,40.766546249500095
2025,43.98406,Zamora Province,buildings,non-residential-onsite-fuel-usage,547221380.6,21920477.07,-5.942875961149477,41.68618202250005
2025,404.24096,Asturias Province,buildings,residential-onsite-fuel-usage,5026956122.0,367230753.4,-5.85352989556379,43.273590087500025
2025,775.24445,Murcia Province,buildings,non-residential-onsite-fuel-usage,9645703165.0,386382758.6,-1.671337066439492,38.062816619500126
2025,323.58763,Asturias Province,buildings,non-residential-onsite-fuel-usage,4026129061.0,161276665.5,-5.85352989556379,43.273590087500025
2025,1340.27471,Madrid Province,buildings,non-residential-onsite-fuel-usage,16675928293.0,667996002.2,-3.76884780075516,40.522186280000106
2025,190.16127,Burgos Province,buildings,non-residential-onsite-fuel-usage,2365934808.0,94773433.97,-3.677223011986082,42.32509040800004
2025,543.33308,Zaragoza Province,buildings,residential-onsite-fuel-usage,6756627248.0,493587225.8,-1.1697709965256755,41.83966064500015
2025,190.82851,Ourense Province,buildings,residential-onsite-fuel-usage,2365062800.0,172644548.0,-7.53721936116848,42.19283866850006
2025,568.53058,Sevilla Province,buildings,non-residential-onsite-fuel-usage,7073739437.0,283356320.3,-5.650463713465193,37.51887356600005
2025,204.8902,Las Palmas Province,buildings,non-residential-onsite-fuel-usage,2549275179.0,102117591.6,-15.605971858999936,27.958055496500094
2025,90.51874,Huesca Province,buildings,non-residential-onsite-fuel-usage,1126055561.0,45106279.14,-0.028993948674146175,42.13632948600005
2025,640.57672,Tarragona Province,buildings,residential-onsite-fuel-usage,7966037506.0,581937437.9,0.6258435927443824,41.052778243500114
2025,216.84279,Girona Province,buildings,non-residential-onsite-fuel-usage,2697032060.0,108034859.3,2.8369904067666276,42.0729329640001
2025,153.71164,Cantabria Province,buildings,non-residential-onsite-fuel-usage,1912492841.0,76609682.76,-4.263470109485208,43.13639831550009
2025,189.53458,Huelva Province,buildings,non-residential-onsite-fuel-usage,2358222885.0,94466340.65,-6.92319106409883,37.502590179000066
2025,195.39774,Guipúzcoa Province,buildings,residential-onsite-fuel-usage,2398548875.0,174430414.7,-2.2041852145083523,43.14480590900007
2025,143.03412,Ávila Province,buildings,residential-onsite-fuel-usage,1778697973.0,129937995.3,-4.834634274315016,40.62453271400011
2025,336.85796,Málaga Province,buildings,non-residential-onsite-fuel-usage,4191235681.0,167890425.6,-4.545060535891765,36.7924575805001
2025,387.1072,Castellón Province,buildings,non-residential-onsite-fuel-usage,4816466823.0,192935621.6,-0.06104967888676971,40.252437592500165
2025,168.97856,Lleida Province,buildings,non-residential-onsite-fuel-usage,2102424420.0,84217902.01,1.1801861433147387,42.06923350000008
2025,113.51748,León Province,buildings,non-residential-onsite-fuel-usage,1412381435.0,56576469.82,-5.971272670301904,42.63412094150013
2025,443.17145,Castellón Province,buildings,residential-onsite-fuel-usage,5511116885.0,402599817.3,-0.06104967888676971,40.252437592500165
2025,216.00166,Guipúzcoa Province,buildings,non-residential-onsite-fuel-usage,2652046344.0,105978605.5,-2.2041852145083523,43.14480590900007
2025,134.79884,Jaén Province,buildings,non-residential-onsite-fuel-usage,1677177580.0,67183541.64,-3.4928591505760718,37.955600739500085
2025,47.31585,Teruel Province,buildings,non-residential-onsite-fuel-usage,588687981.7,23581369.13,-0.9226891465859627,40.60135078450011
2025,149.9815,Zamora Province,buildings,residential-onsite-fuel-usage,1864107425.0,136141027.6,-5.942875961149477,41.68618202250005
2025,79.82518,Cáceres Province,buildings,non-residential-onsite-fuel-usage,993007079.9,39777548.77,-6.13814599789866,39.75937461800007
2025,366.77951,Jaén Province,buildings,residential-onsite-fuel-usage,4561109915.0,333199612.7,-3.4928591505760718,37.955600739500085
2025,294.29525,Lleida Province,buildings,residential-onsite-fuel-usage,3659511431.0,267334677.6,1.1801861433147387,42.06923350000008
2025,528.86535,Alicante Province,buildings,non-residential-onsite-fuel-usage,6580237788.0,263587878.1,-0.7490538943273265,38.36546350150013
2025,257.06248,Baleares Province,buildings,non-residential-onsite-fuel-usage,3198397325.0,128119801.9,2.8798615590000907,39.61305452000008
2025,145.15549,Ciudad Real Province,buildings,non-residential-onsite-fuel-usage,1806037129.0,72345333.06,-3.883169471189615,38.958520889000056
2025,857.46809,Baleares Province,buildings,residential-onsite-fuel-usage,10663273340.0,778976743.3,2.8798615590000907,39.61305452000008
2025,245.75569,Albacete Province,buildings,residential-onsite-fuel-usage,3056064076.0,223252538.5,-1.9549596399683145,38.72314643850012
2025,128.00196,Segovia Province,buildings,residential-onsite-fuel-usage,1591758778.0,116281654.6,-4.182494348737591,41.10898399350009
2025,319.46517,Navarra Province,buildings,non-residential-onsite-fuel-usage,3972168100.0,159110883.1,-1.8393284876650535,42.61185067150011
2025,213.16154,Córdoba Province,buildings,non-residential-onsite-fuel-usage,2652185565.0,106239924.3,-4.846699292215064,37.95584106400014
2025,130.82354,Teruel Province,buildings,residential-onsite-fuel-usage,1626788034.0,118840623.3,-0.9226891465859627,40.60135078450011
2025,539.74145,Pontevedra Province,buildings,residential-onsite-fuel-usage,6606006753.0,481497636.2,-8.534215909656234,42.36472299950012
2025,229.74799,Cantabria Province,buildings,residential-onsite-fuel-usage,2857068203.0,208715430.8,-4.263470109485208,43.13639831550009
2025,191.90405,Cuenca Province,buildings,residential-onsite-fuel-usage,2386362141.0,174329265.5,-2.1531717786788542,39.94250488300011
2026,475.75003,Almería Province,buildings,non-residential-onsite-fuel-usage,5919391034.0,152746962.7,-2.188809025562483,37.29833412250005
2026,295.48387,Barcelona Province,buildings,residential-onsite-fuel-usage,3674586011.0,170466882.0,2.0312108587995072,41.7583713535001
2026,277.56561,Madrid Province,buildings,residential-onsite-fuel-usage,3451758682.0,165130005.4,-3.76884780075516,40.522186280000106
2026,247.50568,Barcelona Province,buildings,non-residential-onsite-fuel-usage,3079514389.0,78224095.58,2.0312108587995072,41.7583713535001
2026,179.29,Alicante Province,buildings,residential-onsite-fuel-usage,2229613937.0,102975062.9,-0.7490538943273265,38.36546350150013
2026,171.91368,Madrid Province,buildings,non-residential-onsite-fuel-usage,2138979766.0,55847537.56,-3.76884780075516,40.522186280000106
2026,171.35344,Valencia Province,buildings,residential-onsite-fuel-usage,2130914277.0,98041420.77,-0.7972164061750873,39.33421308850009
2026,150.30515,Valencia Province,buildings,non-residential-onsite-fuel-usage,1870125663.0,47045744.07,-0.7972164061750873,39.33421308850009
2026,131.30408,Murcia Province,buildings,residential-onsite-fuel-usage,1632861677.0,75536536.83,-1.671337066439492,38.062816619500126
2026,116.42378,Sevilla Province,buildings,residential-onsite-fuel-usage,1447809071.0,65265257.08,-5.650463713465193,37.51887356600005
2026,112.30401,Málaga Province,buildings,residential-onsite-fuel-usage,1396586972.0,65092452.24,-4.545060535891765,36.7924575805001
2026,109.00885,Baleares Province,buildings,residential-onsite-fuel-usage,1355608647.0,65245023.91,2.8798615590000907,39.61305452000008
2026,108.02726,Almería Province,buildings,residential-onsite-fuel-usage,1343401052.0,63846106.65,-2.188809025562483,37.29833412250005
2026,101.38703,Murcia Province,buildings,non-residential-onsite-fuel-usage,1261471926.0,32390981.13,-1.671337066439492,38.062816619500126
2026,87.17158,Tarragona Province,buildings,residential-onsite-fuel-usage,1084042378.0,48704211.15,0.6258435927443824,41.052778243500114
2026,77.21827,Sevilla Province,buildings,non-residential-onsite-fuel-usage,960760818.8,23750973.48,-5.650463713465193,37.51887356600005
2026,74.67705,Granada Province,buildings,residential-onsite-fuel-usage,928656134.5,43857388.23,-3.238942254923356,37.38922691350009
2026,70.78858,Zaragoza Province,buildings,residential-onsite-fuel-usage,880293135.9,41335890.05,-1.1697709965256755,41.83966064500015
2026,70.0794,Alicante Province,buildings,non-residential-onsite-fuel-usage,871940390.4,22069902.05,-0.7490538943273265,38.36546350150013
2026,69.51226,Cádiz Province,buildings,residential-onsite-fuel-usage,864431714.3,41641416.55,-5.900672801085365,36.526109695500054
2026,66.76255,Toledo Province,buildings,residential-onsite-fuel-usage,830232723.1,39097526.85,-4.103428607533116,39.7881469725001
2026,65.48791,A Coruña Province,buildings,residential-onsite-fuel-usage,814384334.3,42544821.32,-8.580651201226326,43.15250000000012
2026,65.42265,Girona Province,buildings,residential-onsite-fuel-usage,812402484.6,37952080.03,2.8369904067666276,42.0729329640001
2026,63.53117,Pontevedra Province,buildings,residential-onsite-fuel-usage,777606540.4,40312372.53,-8.534215909656234,42.36472299950012
2026,61.33537,Badajoz Province,buildings,residential-onsite-fuel-usage,762507648.5,35509182.95,-6.221068240773418,38.69645881650007
2026,58.68501,Castellón Province,buildings,residential-onsite-fuel-usage,729785853.6,33687855.9,-0.06104967888676971,40.252437592500165
2026,58.01005,Córdoba Province,buildings,residential-onsite-fuel-usage,721380843.3,32498217.71,-4.846699292215064,37.95584106400014
2026,56.0527,Tarragona Province,buildings,non-residential-onsite-fuel-usage,697413823.3,17177020.31,0.6258435927443824,41.052778243500114
2026,55.50895,Las Palmas Province,buildings,residential-onsite-fuel-usage,690297209.5,42400252.76,-15.605971858999936,27.958055496500094
2026,53.12467,Zaragoza Province,buildings,non-residential-onsite-fuel-usage,660985293.0,16941450.57,-1.1697709965256755,41.83966064500015
2026,50.96202,Castellón Province,buildings,non-residential-onsite-fuel-usage,634079914.5,16156017.17,-0.06104967888676971,40.252437592500165
2026,48.93844,Jaén Province,buildings,residential-onsite-fuel-usage,608577503.8,27961350.27,-3.4928591505760718,37.955600739500085
2026,46.97526,Ciudad Real Province,buildings,residential-onsite-fuel-usage,584157684.9,27526822.37,-3.883169471189615,38.958520889000056
2026,46.82711,Asturias Province,buildings,residential-onsite-fuel-usage,582320869.1,30706863.79,-5.85352989556379,43.273590087500025
2026,46.30277,Vizcaya Province,buildings,non-residential-onsite-fuel-usage,576106559.4,15938071.6,-2.852004148292613,43.238744736000086
2026,45.90219,Navarra Province,buildings,residential-onsite-fuel-usage,570378370.1,28527724.44,-1.8393284876650535,42.61185067150011
2026,44.61687,Málaga Province,buildings,non-residential-onsite-fuel-usage,555129637.4,14031539.09,-4.545060535891765,36.7924575805001
2026,43.78265,Huelva Province,buildings,residential-onsite-fuel-usage,544422817.7,24814302.42,-6.92319106409883,37.502590179000066
2026,43.48574,Cádiz Province,buildings,non-residential-onsite-fuel-usage,541057546.5,14307583.32,-5.900672801085365,36.526109695500054
2026,40.57227,A Coruña Province,buildings,non-residential-onsite-fuel-usage,504801424.2,14447027.45,-8.580651201226326,43.15250000000012
2026,39.72387,Santa Cruz de Tenerife Province,buildings,residential-onsite-fuel-usage,493997469.4,30248890.86,-16.621805191499902,28.293333053500156
2026,38.96038,Navarra Province,buildings,non-residential-onsite-fuel-usage,484417458.8,13339862.2,-1.8393284876650535,42.61185067150011
2026,38.47204,Lleida Province,buildings,residential-onsite-fuel-usage,478397565.7,22450833.81,1.1801861433147387,42.06923350000008
2026,37.70064,Asturias Province,buildings,non-residential-onsite-fuel-usage,469077522.6,13461942.9,-5.85352989556379,43.273590087500025
2026,36.50456,Vizcaya Province,buildings,residential-onsite-fuel-usage,453963534.4,22880476.87,-2.852004148292613,43.238744736000086
2026,36.06238,Valladolid Province,buildings,residential-onsite-fuel-usage,448455345.4,22920267.56,-4.697193412703777,41.704347369500084
2026,35.77613,Granada Province,buildings,non-residential-onsite-fuel-usage,445130282.1,11362113.97,-3.238942254923356,37.38922691350009
2026,34.96393,Cáceres Province,buildings,residential-onsite-fuel-usage,434749239.2,20387741.82,-6.13814599789866,39.75937461800007
2026,32.81304,Baleares Province,buildings,non-residential-onsite-fuel-usage,408263133.5,10719753.05,2.8798615590000907,39.61305452000008
2026,32.27649,León Province,buildings,residential-onsite-fuel-usage,401376332.0,21138048.36,-5.971272670301904,42.63412094150013
2026,31.39173,Albacete Province,buildings,residential-onsite-fuel-usage,390367987.1,18717929.27,-1.9549596399683145,38.72314643850012
2026,29.15693,Córdoba Province,buildings,non-residential-onsite-fuel-usage,362774565.3,8913539.793,-4.846699292215064,37.95584106400014
2026,28.31356,Cantabria Province,buildings,residential-onsite-fuel-usage,352098169.4,17464955.59,-4.263470109485208,43.13639831550009
2026,28.14546,Girona Province,buildings,non-residential-onsite-fuel-usage,350081615.8,9056832.551,2.8369904067666276,42.0729329640001
2026,27.06744,Toledo Province,buildings,non-residential-onsite-fuel-usage,336775753.0,8668768.042,-4.103428607533116,39.7881469725001
2026,26.13091,Guipúzcoa Province,buildings,non-residential-onsite-fuel-usage,320826041.3,8857357.095,-2.2041852145083523,43.14480590900007
2026,26.01253,Lugo Province,buildings,residential-onsite-fuel-usage,323471852.4,17282739.46,-7.456360995692844,43.039630890000126
2026,25.6404,Salamanca Province,buildings,residential-onsite-fuel-usage,318546276.5,16187668.6,-6.021433992788122,40.766546249500095
2026,25.63378,Huelva Province,buildings,non-residential-onsite-fuel-usage,318940025.2,7947256.895,-6.92319106409883,37.502590179000066
2026,25.54958,Huesca Province,buildings,residential-onsite-fuel-usage,317660422.0,15335068.31,-0.028993948674146175,42.13632948600005
2026,24.22539,Burgos Province,buildings,residential-onsite-fuel-usage,301253073.0,15849750.9,-3.677223011986082,42.32509040800004
2026,24.14754,Cuenca Province,buildings,residential-onsite-fuel-usage,300279490.8,14636459.18,-2.1531717786788542,39.94250488300011
2026,23.71458,Guipúzcoa Province,buildings,residential-onsite-fuel-usage,291111545.9,14576346.95,-2.2041852145083523,43.14480590900007
2026,23.60637,Badajoz Province,buildings,non-residential-onsite-fuel-usage,293702900.0,7501161.814,-6.221068240773418,38.69645881650007
2026,23.2268,Valladolid Province,buildings,non-residential-onsite-fuel-usage,288991129.4,8101720.613,-4.697193412703777,41.704347369500084
2026,22.36092,Lleida Province,buildings,non-residential-onsite-fuel-usage,278213890.6,7075270.71,1.1801861433147387,42.06923350000008
2026,22.32856,Pontevedra Province,buildings,non-residential-onsite-fuel-usage,277115843.4,7888391.599,-8.534215909656234,42.36472299950012
2026,22.27749,Guadalajara Province,buildings,residential-onsite-fuel-usage,277028413.8,13635785.06,-2.505668652764934,40.74032974300007
2026,22.13804,Burgos Province,buildings,non-residential-onsite-fuel-usage,275435440.0,7946539.016,-3.677223011986082,42.32509040800004
2026,21.94561,Ourense Province,buildings,residential-onsite-fuel-usage,271952830.4,14462570.06,-7.53721936116848,42.19283866850006
2026,21.05123,Las Palmas Province,buildings,non-residential-onsite-fuel-usage,261922753.6,8661749.06,-15.605971858999936,27.958055496500094
2026,20.76697,Álava Province,buildings,non-residential-onsite-fuel-usage,258384681.0,7414355.417,-2.6820993654164864,42.84442329350017
2026,20.73797,La Rioja Province,buildings,residential-onsite-fuel-usage,257889634.7,13161292.71,-2.482983307397377,42.284181595500115
2026,19.56408,Santa Cruz de Tenerife Province,buildings,non-residential-onsite-fuel-usage,243417404.8,8190584.221,-16.621805191499902,28.293333053500156
2026,18.95127,Cantabria Province,buildings,non-residential-onsite-fuel-usage,235793277.1,6400474.069,-4.263470109485208,43.13639831550009
2026,18.93721,Ciudad Real Province,buildings,non-residential-onsite-fuel-usage,235618338.3,6072492.18,-3.883169471189615,38.958520889000056
2026,18.08654,Jaén Province,buildings,non-residential-onsite-fuel-usage,225034186.9,5633555.555,-3.4928591505760718,37.955600739500085
2026,18.03667,Zamora Province,buildings,residential-onsite-fuel-usage,224178729.0,11421432.58,-5.942875961149477,41.68618202250005
2026,17.31444,Ávila Province,buildings,residential-onsite-fuel-usage,215313369.7,10890116.06,-4.834634274315016,40.62453271400011
2026,16.99398,Guadalajara Province,buildings,non-residential-onsite-fuel-usage,211439424.4,5642034.718,-2.505668652764934,40.74032974300007
2026,16.06264,Álava Province,buildings,residential-onsite-fuel-usage,199749010.9,10457093.0,-2.6820993654164864,42.84442329350017
2026,16.00359,Teruel Province,buildings,residential-onsite-fuel-usage,199004623.1,9990892.661,-0.9226891465859627,40.60135078450011
2026,15.32855,Segovia Province,buildings,residential-onsite-fuel-usage,190617247.8,9758599.302,-4.182494348737591,41.10898399350009
2026,14.56462,Palencia Province,buildings,residential-onsite-fuel-usage,181118220.0,9430886.159,-4.621076910685504,42.40712547300009
2026,13.76859,La Rioja Province,buildings,non-residential-onsite-fuel-usage,171310290.4,4764298.238,-2.482983307397377,42.284181595500115
2026,13.21017,León Province,buildings,non-residential-onsite-fuel-usage,164360506.9,4742891.738,-5.971272670301904,42.63412094150013
2026,12.94002,Albacete Province,buildings,non-residential-onsite-fuel-usage,160999037.9,4231955.29,-1.9549596399683145,38.72314643850012
2026,11.43889,Huesca Province,buildings,non-residential-onsite-fuel-usage,142302131.9,3785548.67,-0.028993948674146175,42.13632948600005
2026,10.47743,Cáceres Province,buildings,non-residential-onsite-fuel-usage,130337543.9,3333826.569,-6.13814599789866,39.75937461800007
2026,9.6626,Salamanca Province,buildings,non-residential-onsite-fuel-usage,120210074.0,3356282.673,-6.021433992788122,40.766546249500095
2026,9.56762,Soria Province,buildings,residential-onsite-fuel-usage,118971543.9,6182783.929,-2.7217771840309224,41.60160064700011
2026,9.29937,Palencia Province,buildings,non-residential-onsite-fuel-usage,115703102.0,3297240.382,-4.621076910685504,42.40712547300009
2026,8.3574,Lugo Province,buildings,non-residential-onsite-fuel-usage,103982205.5,3017435.006,-7.456360995692844,43.039630890000126
2026,5.87048,Teruel Province,buildings,non-residential-onsite-fuel-usage,73038631.2,1988153.774,-0.9226891465859627,40.60135078450011
2026,5.79234,Ourense Province,buildings,non-residential-onsite-fuel-usage,72062501.44,2103646.84,-7.53721936116848,42.19283866850006
2026,5.57713,Cuenca Province,buildings,non-residential-onsite-fuel-usage,69387597.89,1858715.325,-2.1531717786788542,39.94250488300011
2026,5.30748,Zamora Province,buildings,non-residential-onsite-fuel-usage,66032342.95,1839501.089,-5.942875961149477,41.68618202250005
2026,4.78102,Soria Province,buildings,non-residential-onsite-fuel-usage,59485426.53,1699581.344,-2.7217771840309224,41.60160064700011
2026,4.1889,Segovia Province,buildings,non-residential-onsite-fuel-usage,52116803.96,1462533.212,-4.182494348737591,41.10898399350009
2026,3.70944,Ceuta Autonomous City,buildings,residential-onsite-fuel-usage,35728512.53,1843478.138,-5.35890504518811,35.89638900850014
2026,3.63499,Ávila Province,buildings,non-residential-onsite-fuel-usage,45226260.41,1257765.302,-4.834634274315016,40.62453271400011
2026,2.21068,Ceuta Autonomous City,buildings,non-residential-onsite-fuel-usage,20129240.08,569554.6543,-5.35890504518811,35.89638900850014
2026,2.01309,Melilla Autonomous City,buildings,residential-onsite-fuel-usage,22805277.01,1214871.383,-2.9504084049293517,35.30152893100009
2026,0.75209,Melilla Autonomous City,buildings,non-residential-onsite-fuel-usage,8432277.395,256165.1627,-2.9504084049293517,35.30152893100009
2024,74.72319001,Riotinto Mine,mineral-extraction,copper-mining,14944638.0,2217600000.0,-6.584887,37.709673
2024,31.437155,Alquife Mine,mineral-extraction,iron-mining,6287431.001,1320000000.0,-3.107378,37.196541
2024,21.932,MATSA Complex,mineral-extraction,copper-mining,4386400.0,432000000.0,-6.857742,37.774439
2024,3.70997,OroValle Mine,mineral-extraction,copper-mining,741994.0001,28476000.0,-6.309431,43.280963
2024,0.17818,Las Cruces Mine,mineral-extraction,copper-mining,35636.0,1200000.0,-6.093002,37.502879
2025,74.72319001,Riotinto Mine,mineral-extraction,copper-mining,14944638.0,2217600000.0,-6.584887,37.709673
2025,31.437155,Alquife Mine,mineral-extraction,iron-mining,6287431.001,1320000000.0,-3.107378,37.196541
2025,21.932,MATSA Complex,mineral-extraction,copper-mining,4386400.0,432000000.0,-6.857742,37.774439
2025,3.70997,OroValle Mine,mineral-extraction,copper-mining,741994.0001,28476000.0,-6.309431,43.280963
2025,0.17818,Las Cruces Mine,mineral-extraction,copper-mining,35636.0,1200000.0,-6.093002,37.502879
2024,1585.525111,ArcelorMittal Asturias (Aviles) steel plant,manufacturing,iron-and-steel,2683792.76,4200000.0,-5.8613493584995,43.5494928691444
2024,1134.696874,"Nanta, S.A.U. Las Palas",manufacturing,food-beverage-tobacco,36017646281.0,36017646281.0,-1.140003,37.73
2024,742.3582528,ArcelorMittal Asturias (Gijón) steel plant,manufacturing,iron-and-steel,958967.2917,1200000.0,-5.73559459129581,43.5215953028212
2024,722.532492,"Uve, S.A. (Fab. Piensos)",manufacturing,food-beverage-tobacco,22920320361.0,22920320361.0,-4.698611,41.63
2024,528.7297071,"Dolomias De Aragon, S.L.",manufacturing,lime,817520.6203,1542215.026,-1.56847,41.479036
2024,480.1872941,Tudela Veguin - Fábrica De Cales Y Cementos De Tudela Veguín,manufacturing,lime,742464.4564,1400625.027,-5.773367,43.330897
2024,446.4174227,San Ciprian alumina refinery,manufacturing,aluminum,1013187.846,1600000.0,-7.45773751379732,43.6969652655661
2024,352.0365101,El Alto Cement Plant,manufacturing,cement,1834997.62,2900000.0,-3.47415630858244,40.2454541220543
2024,342.5684525,Productos Florida,manufacturing,food-beverage-tobacco,10846223028.0,10846223028.0,-0.143257,39.965329
2024,317.1658395,Villaluenga de la Sagra Cement Plant,manufacturing,cement,1839513.359,2350000.0,-0.247555509290133,39.6639869817604
2024,293.552697,Aboño Cement Plant,manufacturing,cement,1702560.744,2400000.0,-5.72257871498625,43.5604263265438
2024,255.8675811,Alcanar Cement Plant,manufacturing,cement,1483992.836,2185000.0,0.542746637307943,40.5768302301151
2024,229.9476777,Sagunto Cement Plant,manufacturing,cement,1198607.046,1800000.0,2.18354854001366,41.4745038735946
2024,204.2043804,Castillejo Cement Plant,manufacturing,cement,1184354.174,1730000.0,-3.74366467919908,39.9342732016715
2024,182.5798444,Corsa Petfood (Cardona),manufacturing,food-beverage-tobacco,5689150947.0,5689150947.0,1.713645,41.900239
2024,175.5700694,Monjos Cement Plant,manufacturing,cement,1018279.55,1800000.0,1.73006548253867,41.315910427371
2024,161.4418329,Alconera Cement Plant,manufacturing,cement,936337.9389,1600000.0,-6.48408551062447,38.3789017892832
2024,154.4559136,Sant Vicent dels Horts Cement Plant,manufacturing,cement,895820.6752,1780000.0,1.99565717099174,41.4066305463557
2024,141.4314448,Alcala Cement Plant,manufacturing,cement,820280.7483,1450000.0,-5.86499004502465,37.359723840258
2024,131.5143884,La Robla Cement Plant,manufacturing,cement,762763.3379,1200000.0,-5.61847607002069,42.7987222771851
2024,128.5253765,ArcelorMittal Sestao steel plant,manufacturing,iron-and-steel,1165432.908,2000000.0,-2.99935881132845,43.313365497902
2024,119.6949943,Grupo Empresarial ENCE S.A. Divisíon de Celulosa - Pulp Mill Navia,manufacturing,pulp-and-paper,361371.8629,685000.0,-6.7240832,43.5275013
2024,118.1756999,Morata Cement Plant,manufacturing,cement,685400.9849,1400000.0,-1.48622168206856,41.4748067107374
2024,116.8394258,Alicante Cement Plant,manufacturing,cement,609027.9335,1361000.0,-0.543228553000335,38.3773602768192
2024,114.478108,Carboneras Cement Plant,manufacturing,cement,663955.5172,1500000.0,-1.90590614319663,36.9678611386393
2024,102.4095946,Hontoria Cement Plant,manufacturing,cement,593959.9854,815000.0,-4.46577172747526,41.941321666224
2024,101.0658849,S.A.T. Nufri 1956,manufacturing,food-beverage-tobacco,3172008621.0,3172008621.0,0.889134,41.641266
2024,99.78248111,Mataporquera Cement Plant,manufacturing,cement,578723.1289,830000.0,-4.15899585440909,42.8742474429706
2024,99.13279953,Arrigorriaga Cement Plant,manufacturing,cement,574955.0751,1125000.0,-2.90014458252755,43.204986601252
2024,98.79713066,Lemona Cement Plant,manufacturing,cement,841349.4374,1250000.0,-2.77404364655401,43.2062343456623
2024,98.73099921,Montcada i Reixac Cement Plant,manufacturing,cement,572624.6947,900000.0,-3.89865850040067,40.0067824857125
2024,96.71270574,"ALUMINIO ESPAÑOL, SA",manufacturing,other-metals,1.0,1.0,-7.473746,43.69597
2024,94.64705067,Bunol Cement Plant,manufacturing,cement,324377.4268,690000.0,-0.775640605440604,39.4369712228479
2024,90.55435131,Cales De Pachs,manufacturing,lime,140014.9234,264131.7092,1.684755,41.366699
2024,89.98966725,Grupo Empresarial ENCE S.A. Divisíon de Celulosa - Pulp Mill Pontevedra,manufacturing,pulp-and-paper,271688.3349,515000.0,-8.6759041,42.4108321
2024,88.31333924,"ALCOA TRANSFORMACION DE PRODUCTOS, S.L. (ALCOA TRANSFORMACIÓN DE PRODUCTOS, S.L.)",manufacturing,other-metals,1.0,1.0,-2.711608,43.208909
2024,87.34383836,"Crisnova Vidrio, S.A.",manufacturing,glass,297841429.8,297841429.8,-0.9578,38.7149
2024,84.60849731,Saint Gobain Cristaleria - Fábrica De Avilés,manufacturing,glass,288386146.3,288386146.3,-5.929742,43.575665
2024,83.08977981,Toral de los Vados Cement Plant,manufacturing,cement,481908.0145,1600000.0,-6.76830049907962,42.5543150646197
2024,81.87315625,"Verallia-Spain, S.A. - Burgos",manufacturing,glass,278930862.9,278930862.9,-3.655664,42.349764
2024,81.18932099,Ba Glass Spain Villafranca,manufacturing,glass,276567042.0,276567042.0,-6.356428,38.566875
2024,81.18932099,"Guardian Industries Navarra, S.L.U.",manufacturing,glass,276567042.0,276567042.0,-1.665802,42.125474
2024,79.73682154,Niebla Cement Plant,manufacturing,cement,462461.3693,700000.0,-6.67217728819555,37.3593414755945
2024,78.47288361,Olazagutia Cement Plant,manufacturing,cement,455130.7227,1055000.0,-2.19019985454442,42.883060127164
2024,78.16592639,Añorga Cement Plant,manufacturing,cement,453350.4178,1050000.0,-1.99710189549101,43.2856206876887
2024,76.40247414,Agc Flatglass Iberica,manufacturing,glass,260020295.9,260020295.9,-0.255923,39.643104
2024,74.35096835,"Guardian Llodio Uno, S.L.",manufacturing,glass,252928833.3,252928833.3,-2.950052,43.144824
2024,74.14799206,Jerez Cement Plant,manufacturing,cement,430047.0132,1000000.0,-6.07391138282183,36.6184333442247
2024,72.08557681,Azucarera De Jerez - Centro De Guadalete,manufacturing,food-beverage-tobacco,2251102893.0,2251102893.0,-6.12817,36.658576
2024,71.28311963,Cordoba Cement Plant,manufacturing,cement,319715.5396,950000.0,-4.76403399257607,37.9026862680405
2024,70.75395313,Malaga Cement Plant,manufacturing,cement,410362.1065,1575000.0,-4.32714450818174,36.7146543931554
2024,70.50429163,"Verescence La Granja, S.L.U.",manufacturing,glass,50840758.81,50840758.81,-4.011321,40.901928
2024,70.24795677,Saint Gobain Vicasa - Azuqueca,manufacturing,glass,238745908.0,238745908.0,-3.2595,40.5618
2024,70.15355627,Roquette Laisa España,manufacturing,food-beverage-tobacco,2189709177.0,2189709177.0,-0.424301,39.286119
2024,69.56412151,"Aiala Vidrio,  S.A. (Vidrala)",manufacturing,glass,236382087.2,236382087.2,-2.946433,43.149036
2024,67.57752888,Bunge Iberica,manufacturing,food-beverage-tobacco,2107850890.0,2107850890.0,-3.086221,43.356358
2024,56.78959583,Smurfit Kappa Nervión Pulp Mill,manufacturing,pulp-and-paper,171453.8036,325000.0,-2.6605848,43.1828069
2024,51.91850716,Oural Cement Plant,manufacturing,cement,301119.4007,650000.0,-7.45067797746704,42.71711357698
2024,49.67625332,FERROATLANTICA-DUMBRIA,manufacturing,other-metals,1.0,1.0,-9.08549,42.983626
2024,49.00305087,Acerinox Europa Los Barrios steel plant,manufacturing,iron-and-steel,699259.7446,1200000.0,-5.42232062808179,36.1814675603887
2024,47.8232816,"Repsol SA , Tarragona",manufacturing,petrochemical-steam-cracking,478232.816,702000.0,1.226878,41.172192
2024,47.48357643,Celsa Barcelona Castellbisbal steel plant,manufacturing,iron-and-steel,1456791.135,2500000.0,1.98099199913505,41.4525778066815
2024,45.98392461,"Dow Chemical Co. , Tarragona ",manufacturing,petrochemical-steam-cracking,459839.2461,675000.0,1.231963,41.176316
2024,43.58138447,"Alcurnia Alimentación, S. L. U. - Fábrica De Alguazas",manufacturing,food-beverage-tobacco,990628048.8,990628048.8,-1.233333,38.05
2024,36.24994612,Agraz S.A.,manufacturing,food-beverage-tobacco,990628048.8,990628048.8,-6.856241,38.88365
2024,36.03896948,General D'Olis I Derivats,manufacturing,food-beverage-tobacco,990628048.8,990628048.8,0.793693,41.524712
2024,35.99728501,"XALLAS ELECTRICIDAD Y ALEACIONES, SAU-DUMBRIA",manufacturing,other-metals,1.0,1.0,-9.08549,42.983626
2024,34.79737551,FERROATLANTICA - FÁBRICA DE BOO,manufacturing,other-metals,1.0,1.0,-3.839765,43.41228
2024,34.55739361,FERROATLANTICA-CEE,manufacturing,other-metals,1.0,1.0,-9.17315,42.948199
2024,34.28083079,"Lactiber Leon , S.L.",manufacturing,food-beverage-tobacco,990628048.8,990628048.8,-5.571667,42.570278
2024,34.10501692,El Pozo Alimentación,manufacturing,food-beverage-tobacco,990628048.8,990628048.8,-1.41,37.85
2024,33.9995286,Complex Carni La Closa,manufacturing,food-beverage-tobacco,990628048.8,990628048.8,1.289419,41.793379
2024,33.96436582,"Fábrica De Granada (Puleva Food, S.L. Sociedad Unipersonal)",manufacturing,food-beverage-tobacco,990628048.8,990628048.8,-3.637626,37.179721
2024,32.41924812,Fabrica De Piensos Nº2,manufacturing,food-beverage-tobacco,990628048.8,990628048.8,-7.820767,42.287867
2024,32.41924812,"Palacios Alimentación, S.A.",manufacturing,food-beverage-tobacco,990628048.8,990628048.8,-2.481923,42.365774
2024,32.41924812,Matadero De Tres Líneas Y Salas De Despiece,manufacturing,food-beverage-tobacco,990628048.8,990628048.8,-4.833046,38.361359
2024,32.41924812,Grupo Alimentario Argal,manufacturing,food-beverage-tobacco,990628048.8,990628048.8,0.881271,41.611588
2024,32.41924812,Piensos Nanfor,manufacturing,food-beverage-tobacco,990628048.8,990628048.8,-8.650278,42.78
2024,32.41924812,Borges Agricultural & Industrial Edible Oils,manufacturing,food-beverage-tobacco,990628048.8,990628048.8,1.121329,41.648843
2024,32.41924812,"Complejo Industrial Mataderos Industriales Soler, S.A. (Prolongo) Y Faccsa",manufacturing,food-beverage-tobacco,990628048.8,990628048.8,-4.608509,36.735751
2024,32.41924812,"Matadero Del Sur, S.A.",manufacturing,food-beverage-tobacco,990628048.8,990628048.8,-6.04,37.83
2024,32.41924812,Compañia Cervecera Damm,manufacturing,food-beverage-tobacco,990628048.8,990628048.8,2.081639,41.32101
2024,32.41924812,"Avícola Moraleja, S.A.",manufacturing,food-beverage-tobacco,990628048.8,990628048.8,-3.873828,40.2543
2024,32.41924812,"La Casa De La Carne, S.A.U.",manufacturing,food-beverage-tobacco,990628048.8,990628048.8,-3.741853,40.271651
2024,32.41924812,"Campo De San Juan, S.L.",manufacturing,food-beverage-tobacco,990628048.8,990628048.8,-3.2217,39.4131
2024,32.41924812,"Unilever Foods España, S.A. (Unilever Foods España, S.A.)",manufacturing,food-beverage-tobacco,990628048.8,990628048.8,-3.002984,43.319378
2024,32.41924812,"Cooperativa Del Campo ""San Miguel""",manufacturing,food-beverage-tobacco,990628048.8,990628048.8,-1.259908,41.911769
2024,32.41924812,Matadero De Porriño Sada P.A. Castilla-Galicia,manufacturing,food-beverage-tobacco,990628048.8,990628048.8,-8.621279,42.166264
2024,32.41924812,"Manuel Romero Delgado, S.L.",manufacturing,food-beverage-tobacco,990628048.8,990628048.8,-6.72952,37.922795
2024,32.41924812,"Matadero De Cumbres Mayores, S.A.",manufacturing,food-beverage-tobacco,990628048.8,990628048.8,-6.619334,38.056981
2024,32.41924812,Liverco Sl,manufacturing,food-beverage-tobacco,990628048.8,990628048.8,-1.4641,41.9783
2024,32.41924812,Mercados De Abastecimientos De Barcelona,manufacturing,food-beverage-tobacco,990628048.8,990628048.8,2.118837,41.335324
2024,32.41924812,Cpa Centro De Procesado Avicola,manufacturing,food-beverage-tobacco,990628048.8,990628048.8,-7.983433,42.343667
2024,32.41924812,"Mataderos Salamanca, S.L.",manufacturing,food-beverage-tobacco,990628048.8,990628048.8,-5.637222,40.855
2024,32.41924812,Patel,manufacturing,food-beverage-tobacco,990628048.8,990628048.8,2.342239,42.01319
2024,32.41924812,Frimancha Industrias Cárnicas,manufacturing,food-beverage-tobacco,990628048.8,990628048.8,-3.3994,38.7711
2024,32.41924812,Cargill (Barcelona),manufacturing,food-beverage-tobacco,990628048.8,990628048.8,2.15847,41.346774
2024,32.41924812,Matadero Y Sala De Despiece De Cerdo Ibérico,manufacturing,food-beverage-tobacco,990628048.8,990628048.8,-6.665757,37.920504
2024,32.41924812,Matadero Comaran,manufacturing,food-beverage-tobacco,990628048.8,990628048.8,-3.621385,40.034164
2024,32.41924812,"Avinatur Sur Producciones Avícolas, S.L.U.",manufacturing,food-beverage-tobacco,990628048.8,990628048.8,-3.154,37.31
2024,32.41924812,Fabrica De Pinsos De Lleida,manufacturing,food-beverage-tobacco,990628048.8,990628048.8,0.649984,41.616647
2024,32.41924812,Industrias Carnicas La Cope,manufacturing,food-beverage-tobacco,990628048.8,990628048.8,-0.501312,39.440088
2024,32.41924812,"Transformaciones Agrícolas De Badajoz, S.A Transa",manufacturing,food-beverage-tobacco,990628048.8,990628048.8,-5.7825,38.985
2024,32.41924812,Cargill (Martorell),manufacturing,food-beverage-tobacco,990628048.8,990628048.8,1.928261,41.486141
2024,32.41924812,Frinsa Del Noroeste S.A.,manufacturing,food-beverage-tobacco,990628048.8,990628048.8,-8.997258,42.577494
2024,32.41924812,Industrias Cárnicas Tello S.A.,manufacturing,food-beverage-tobacco,990628048.8,990628048.8,-4.2499,39.7248
2024,32.41924812,"Matadero Frigorífico Begíjar, S.A.",manufacturing,food-beverage-tobacco,990628048.8,990628048.8,-3.53476,37.953954
2024,32.41924812,"Montesano Extremadura, S.A.",manufacturing,food-beverage-tobacco,990628048.8,990628048.8,-6.77,38.33
2024,32.41924812,Azucarera De Toro,manufacturing,food-beverage-tobacco,990628048.8,990628048.8,-5.37755,41.512081
2024,32.41924812,"Bunge Ibérica, S.A.U.",manufacturing,food-beverage-tobacco,990628048.8,990628048.8,-0.952163,37.566691
2024,32.41924812,Heineken España - Fabrica De Madrid,manufacturing,food-beverage-tobacco,990628048.8,990628048.8,-3.63038,40.55926
2024,32.41924812,Bunge Iberica,manufacturing,food-beverage-tobacco,990628048.8,990628048.8,2.169759,41.360833
2024,32.41924812,Complejo Agroalimentario Bejar,manufacturing,food-beverage-tobacco,990628048.8,990628048.8,-5.76527,40.38948
2024,32.41924812,Conesa Vegas Altas S.L.U.,manufacturing,food-beverage-tobacco,990628048.8,990628048.8,-5.939741,39.133189
2024,32.41924812,"Harinera De Tardienta, S.A.",manufacturing,food-beverage-tobacco,990628048.8,990628048.8,-0.536634,41.978189
2024,32.41924812,Azucarera La Rinconada,manufacturing,food-beverage-tobacco,990628048.8,990628048.8,-5.944838,37.478231
2024,32.41924812,Nafosa-Esplus,manufacturing,food-beverage-tobacco,990628048.8,990628048.8,0.273449,41.798563
2024,32.41924812,Azucarera De La Bañeza,manufacturing,food-beverage-tobacco,990628048.8,990628048.8,-5.907831,42.303933
2024,32.41924812,"Nanta, S.A.",manufacturing,food-beverage-tobacco,990628048.8,990628048.8,-6.403549,38.696333
2024,32.41924812,"Matadero Industrial El Mayorazgo De Jabugo, S.A.",manufacturing,food-beverage-tobacco,990628048.8,990628048.8,-6.95186,37.377194
2024,32.41924812,"Matadero Industrial Cortegana, S.A.",manufacturing,food-beverage-tobacco,990628048.8,990628048.8,-6.819082,37.916802
2024,32.41924812,"Frinova, S.A.",manufacturing,food-beverage-tobacco,990628048.8,990628048.8,-8.623723,42.127671
2024,32.41924812,"Conserveros Reunidos, S.L.",manufacturing,food-beverage-tobacco,990628048.8,990628048.8,-9.038891,42.529925
2024,32.41924812,"Comercial Jabu, S.L.",manufacturing,food-beverage-tobacco,990628048.8,990628048.8,-6.772916,37.927256
2024,32.41924812,Explotaciones Avicolas Jose Luis Redondo S.A.,manufacturing,food-beverage-tobacco,990628048.8,990628048.8,-3.784365,40.308192
2024,32.41924812,"Matadero La Jabugueña, S.L.",manufacturing,food-beverage-tobacco,990628048.8,990628048.8,-6.723649,37.921612
2024,32.41924812,"Sánchez Romero Carvajal Jabugo, S.A.",manufacturing,food-beverage-tobacco,990628048.8,990628048.8,-6.725019,37.919001
2024,32.41924812,Affinity Petcare,manufacturing,food-beverage-tobacco,990628048.8,990628048.8,1.654139,41.313652
2024,32.41924812,Syral Iberia S.A.U.,manufacturing,food-beverage-tobacco,990628048.8,990628048.8,-0.874008,41.677422
2024,32.41924812,S.C.A. Las Marismas De Lebrija,manufacturing,food-beverage-tobacco,990628048.8,990628048.8,-6.066825,36.917268
2024,32.41924812,"Factoría Oleícola Aceites Coosur, S.A.",manufacturing,food-beverage-tobacco,990628048.8,990628048.8,-3.527145,37.94119
2024,32.41924812,"Incoas, S.A.(Industrias Correctoras Asociadas, S.A.)",manufacturing,food-beverage-tobacco,990628048.8,990628048.8,-3.783333,40.183333
2024,32.41924812,Matadero Frigorifico De Fuentes El Navazo Sl,manufacturing,food-beverage-tobacco,990628048.8,990628048.8,-5.678333,40.508056
2024,32.41924812,Ab Azucarera Iberia S.L.U  De Miranda,manufacturing,food-beverage-tobacco,990628048.8,990628048.8,-2.92635,42.697133
2024,32.41924812,Cargill (Reus),manufacturing,food-beverage-tobacco,990628048.8,990628048.8,1.081393,41.161372
2024,32.41924812,"Deoleo, S.A. (Fabrica De Andújar)",manufacturing,food-beverage-tobacco,990628048.8,990628048.8,-4.06033,38.03118
2024,32.41924812,Coosur Vilches,manufacturing,food-beverage-tobacco,990628048.8,990628048.8,-3.517708,38.220662
2024,32.41924812,"Uvesa, S.A.",manufacturing,food-beverage-tobacco,990628048.8,990628048.8,-4.509509,36.707744
2024,32.41924812,Centro Industrial Chapela,manufacturing,food-beverage-tobacco,990628048.8,990628048.8,-8.60665,42.2862
2024,32.41924812,Centro De Marchena,manufacturing,food-beverage-tobacco,990628048.8,990628048.8,-5.400128,37.333937
2024,32.41924812,Industria Láctea - Planta De Cogeneración,manufacturing,food-beverage-tobacco,990628048.8,990628048.8,-4.835884,38.360414
2024,32.41924812,Bunge Ibérica,manufacturing,food-beverage-tobacco,990628048.8,990628048.8,-0.327623,39.449836
2024,32.41924812,Puleva Food,manufacturing,food-beverage-tobacco,990628048.8,990628048.8,0.903825,41.632528
2024,32.41924812,"Cítricos Del Andévalo, S.A.",manufacturing,food-beverage-tobacco,990628048.8,990628048.8,-7.264199,37.461227
2024,30.73563649,Tudela de Vegin Cement Plant,manufacturing,cement,105338.1654,200000.0,-5.7750954023731,43.3301019072309
2024,30.70762888,ArcelorMittal Olaberria-Bergara (Olaberria) steel plant,manufacturing,iron-and-steel,844938.8581,1450000.0,-2.21881534294849,43.0376945024084
2024,29.27779181,FERROATLANTICA DE BOO,manufacturing,other-metals,1.0,1.0,-3.839765,43.41228
2024,28.58511301,Megasa Siderúrgica Narón steel plant,manufacturing,iron-and-steel,407901.5177,700000.0,-8.16427214835909,43.514105214474
2024,28.31786421,ALCOA INESPAL - AVILÉS,manufacturing,other-metals,1.0,1.0,-5.921992,43.55547
2024,26.87797281,"ALCOA INESPAL, S.A. - LA CORUÑA",manufacturing,other-metals,1.0,1.0,-8.4359,43.3507
2024,24.69145974,Riva Siderurgica Sevillana steel plant,manufacturing,iron-and-steel,757531.39,1300000.0,-5.88738203327593,37.3627487544071
2024,24.69145974,Grupo Gallardo Siderurgica Balboa Jerez de los Caballeros steel plant,manufacturing,iron-and-steel,757531.39,1300000.0,-6.71619487423941,38.320422296635
2024,22.60054218,Lugo Province,manufacturing,aluminum,58992.31538,66507.68363,-7.43612713537432,43.0696037894801
2024,20.41793786,Megasider Zaragoza steel plant,manufacturing,iron-and-steel,291358.2269,500000.0,-0.856130639358379,41.5704186313669
2024,18.99343057,Celsa Nervacero steel plant,manufacturing,iron-and-steel,582716.4539,1000000.0,-3.02441085805676,43.3071840959396
2024,16.76055412,Verallia Spain,manufacturing,glass,50840758.81,50840758.81,1.13815,41.39473
2024,15.88843706,Ferro Spain Nules,manufacturing,glass,50840758.81,50840758.81,-0.162647,39.829172
2024,15.88843706,Kerafrit S.A.,manufacturing,glass,50840758.81,50840758.81,-0.144992,39.943876
2024,15.88843706,Cerfrit,manufacturing,glass,50840758.81,50840758.81,-0.170485,39.831481
2024,15.88843706,Coloronda,manufacturing,glass,50840758.81,50840758.81,-0.233741,39.96862
2024,15.88843706,Ursa Iberica Aislantes,manufacturing,glass,50840758.81,50840758.81,1.301435,41.350337
2024,15.88843706,"Vidriería Y Cristalería De Lamiaco, S.A. (Vidriería Y Cristalería De Lamiaco S.A.)",manufacturing,glass,50840758.81,50840758.81,-3.00588,43.32083
2024,15.88843706,Colorificio Cerámico Bonet,manufacturing,glass,50840758.81,50840758.81,-0.275492,40.017405
2024,15.88843706,Vernis,manufacturing,glass,50840758.81,50840758.81,-0.241342,39.973667
2024,15.88843706,Vidrierias Masip,manufacturing,glass,50840758.81,50840758.81,2.084662,41.356884
2024,15.88843706,Esmaldur,manufacturing,glass,50840758.81,50840758.81,-0.152434,40.035189
2024,15.88843706,Coloresmalt,manufacturing,glass,50840758.81,50840758.81,-0.211701,40.111574
2024,15.88843706,"Fábrica De Alcalá De Guadaira (Saint Gobain Vicasa, S.A.)",manufacturing,glass,50840758.81,50840758.81,-5.889481,37.302987
2024,15.88843706,Vidriera Del Atlántico S.A.,manufacturing,glass,50840758.81,50840758.81,-7.721944,42.082778
2024,15.88843706,Ferro Spain-Almassora,manufacturing,glass,50840758.81,50840758.81,-0.076592,39.956492
2024,15.88843706,Vidrieras Canarias S.A.,manufacturing,glass,50840758.81,50840758.81,-15.384378,27.980152
2024,15.88843706,Vidres,manufacturing,glass,50840758.81,50840758.81,-0.143615,39.945733
2024,15.88843706,"Fábrica De Jerez (Saint Gobain Vicasa, S.A.)",manufacturing,glass,50840758.81,50840758.81,-6.124322,36.685097
2024,15.88843706,Quimicer,manufacturing,glass,50840758.81,50840758.81,-0.271114,40.007015
2024,15.88843706,"Bonet Spain, S.L",manufacturing,glass,50840758.81,50840758.81,0.028807,40.14989
2024,15.88843706,Ocv Reinforcements Alcala Spain S.L.,manufacturing,glass,50840758.81,50840758.81,-3.35151,40.51014
2024,15.88843706,Esmaltes,manufacturing,glass,50840758.81,50840758.81,-0.19348,40.062664
2024,15.88843706,Vidrieria Rovira,manufacturing,glass,50840758.81,50840758.81,2.125607,41.327397
2024,15.88843706,Fritta Slu,manufacturing,glass,50840758.81,50840758.81,-0.20156,39.95459
2024,15.88843706,Torrecid I Y Ii,manufacturing,glass,50840758.81,50840758.81,-0.189229,40.061138
2024,15.88843706,Castellar Vidrio,manufacturing,glass,50840758.81,50840758.81,2.093161,41.592341
2024,15.88843706,Saint-Gobain Glass.- Fabrica De Renedo,manufacturing,glass,50840758.81,50840758.81,-3.94758,43.35404
2024,15.88843706,"Ba Glass Spain, S.L.",manufacturing,glass,50840758.81,50840758.81,-5.581055,42.550109
2024,15.88843706,Schott Iberica,manufacturing,glass,50840758.81,50840758.81,2.227346,41.430468
2024,15.88843706,Smalticeram España,manufacturing,glass,50840758.81,50840758.81,-0.234151,39.960199
2024,15.88843706,"Saint-Gobain Isover Ibérica, S.L.",manufacturing,glass,50840758.81,50840758.81,-3.2563,40.5646
2024,15.88843706,Saint-Gobain Cristaleria,manufacturing,glass,50840758.81,50840758.81,1.588972,41.26198
2024,15.88843706,Colorobbia España,manufacturing,glass,50840758.81,50840758.81,-0.019033,40.122092
2024,15.88843706,"Vidrios Reciclados San Miguel, S.L.",manufacturing,glass,50840758.81,50840758.81,-0.582855,38.887358
2024,15.88843706,Endeka Ceramics-Vall D´Alba,manufacturing,glass,50840758.81,50840758.81,-0.006249,40.161737
2024,15.88843706,"Fábrica De Alcalá De Guadaira (Vidriera Rovira, S.L.)",manufacturing,glass,50840758.81,50840758.81,-5.833487,37.333934
2024,15.88843706,Verallia - Zgz (Anterior S.Gobain Vicasa),manufacturing,glass,50840758.81,50840758.81,-0.943928,41.59879
2024,15.88843706,Esmalglass,manufacturing,glass,50840758.81,50840758.81,-0.157894,39.946256
2024,15.88843706,Ramon Clemente,manufacturing,glass,50840758.81,50840758.81,2.327623,41.483939
2024,14.24507293,Celsa Global Steel Wire Santander plant,manufacturing,iron-and-steel,437037.3404,750000.0,-3.8413172497133,43.4449201235133
2024,14.05513862,Sidenor Aceros Especiales Basauri steel plant,manufacturing,iron-and-steel,431210.1759,740000.0,-2.88294175802448,43.2263099396927
2024,11.39605834,Grupo Gallardo Corrugados Getafe steel plant,manufacturing,iron-and-steel,349629.8723,600000.0,-3.70579830284928,40.3106603989214
2024,9.661707412,Puertollano Fertilizers,manufacturing,chemicals,175000.0,200000.0,-4.0584502,38.66396
2024,9.661707412,Sagunto Catalina Project,manufacturing,chemicals,175000.0,200000.0,-0.224196877555634,39.6476923210642
2024,6.948681941,"Repsol SA , Puertollano ",manufacturing,petrochemical-steam-cracking,69486.81941,102000.0,-4.054309,38.6705
2024,5.908959659,Spain,manufacturing,chemicals,498622.0184,640704.0,-3.6170206023873743,40.348656106226734
2024,5.059294879,"Maria Gili Margenats, S.L",manufacturing,textiles-leather-apparel,556774189.4,556774189.4,2.6677949,41.6272797
2024,5.059294879,Textprint,manufacturing,textiles-leather-apparel,556774189.4,556774189.4,2.3343833,41.5911628
2024,5.059294879,Calzados Cienta Slu,manufacturing,textiles-leather-apparel,556774189.4,556774189.4,-2.088897,42.2353611
2024,5.059294879,Antex Angles Textile Sa,manufacturing,textiles-leather-apparel,556774189.4,556774189.4,2.6603861,41.9552063
2024,5.059294879,Aprestos De Laneria Spa,manufacturing,textiles-leather-apparel,556774189.4,556774189.4,2.1082727,41.5677592
2024,5.059294879,Star Vie S.L.,manufacturing,textiles-leather-apparel,556774189.4,556774189.4,-3.2601311,40.5587223
2024,5.059294879,Spw Fabrics,manufacturing,textiles-leather-apparel,556774189.4,556774189.4,2.4003412,41.5936622
2024,5.059294879,Belda Lloréns,manufacturing,textiles-leather-apparel,556774189.4,556774189.4,-0.6639426,38.7066719
2024,5.059294879,Iruna Comunicación Textil - Serisur,manufacturing,textiles-leather-apparel,556774189.4,556774189.4,-3.7868307,37.1930851
2024,5.059294879,"Dedatex 86, S.L",manufacturing,textiles-leather-apparel,556774189.4,556774189.4,-3.7037902,40.4167754
2024,5.059294879,Costa Anatomicas Sl,manufacturing,textiles-leather-apparel,556774189.4,556774189.4,-1.0020131,38.1270687
2024,5.059294879,Ranch Exportaciones Sl,manufacturing,textiles-leather-apparel,556774189.4,556774189.4,-0.6117391,38.2899949
2024,5.059294879,Julio Maestre,manufacturing,textiles-leather-apparel,556774189.4,556774189.4,-5.1507667,40.9839999
2024,5.059294879,Satinsa,manufacturing,textiles-leather-apparel,556774189.4,556774189.4,-0.5570476,38.8312414
2024,5.059294879,Genuins,manufacturing,textiles-leather-apparel,556774189.4,556774189.4,-0.6131261,38.2991244
2024,5.059294879,Morera Pell Sl,manufacturing,textiles-leather-apparel,556774189.4,556774189.4,1.6141494,41.5778541
2024,5.059294879,Jess Rincon,manufacturing,textiles-leather-apparel,556774189.4,556774189.4,-0.6218229,38.2932723
2024,5.059294879,Crechi International S.A.,manufacturing,textiles-leather-apparel,556774189.4,556774189.4,-0.5346586,39.56661769999999
2024,5.059294879,Fello S.A.,manufacturing,textiles-leather-apparel,556774189.4,556774189.4,1.8641519,41.6291032
2024,5.059294879,Castma S.L,manufacturing,textiles-leather-apparel,556774189.4,556774189.4,-0.0422795,39.99951129999999
2024,5.059294879,Global De Calzado Sl,manufacturing,textiles-leather-apparel,556774189.4,556774189.4,-2.088897,42.2353611
2024,5.059294879,Vidreres 2000 S.L.,manufacturing,textiles-leather-apparel,556774189.4,556774189.4,2.7398491,41.6540445
2024,5.059294879,Diego Torvisco,manufacturing,textiles-leather-apparel,556774189.4,556774189.4,2.4554698,41.5600797
2024,5.059294879,Best Partner Consulting,manufacturing,textiles-leather-apparel,556774189.4,556774189.4,-0.7830189,38.1213691
2024,5.059294879,Hilaturas Miel S.L.,manufacturing,textiles-leather-apparel,556774189.4,556774189.4,-0.4350982,38.4260809
2024,5.059294879,Takeme Shoes S.L.,manufacturing,textiles-leather-apparel,556774189.4,556774189.4,-0.6174038,38.29356689999999
2024,5.059294879,Jaume Estevez I Serra,manufacturing,textiles-leather-apparel,556774189.4,556774189.4,2.7156021,41.7092908
2024,5.059294879,Luanvi S.A,manufacturing,textiles-leather-apparel,556774189.4,556774189.4,-0.4650515,39.5528369
2024,5.059294879,Laken Productos Deportivos S.A.,manufacturing,textiles-leather-apparel,556774189.4,556774189.4,-1.1849603,37.9514997
2024,5.059294879,Creaciones Euromoda S.L.,manufacturing,textiles-leather-apparel,556774189.4,556774189.4,-0.6161235,38.7563069
2024,5.059294879,Varisport S.L.,manufacturing,textiles-leather-apparel,556774189.4,556774189.4,2.0943142,41.5596943
2024,4.827523298,San Ciprian aluminium plant,manufacturing,aluminum,8046.478997,9100.0,-7.45773751379732,43.6969652655661
2025,1658.661857,ArcelorMittal Asturias (Aviles) steel plant,manufacturing,iron-and-steel,2807590.15,4200000.0,-5.8613493584995,43.5494928691444
2025,1134.696874,"Nanta, S.A.U. Las Palas",manufacturing,food-beverage-tobacco,36017646281.0,36017646281.0,-1.140003,37.73
2025,722.532492,"Uve, S.A. (Fab. Piensos)",manufacturing,food-beverage-tobacco,22920320361.0,22920320361.0,-4.698611,41.63
2025,609.7287791,ArcelorMittal Asturias (Gijón) steel plant,manufacturing,iron-and-steel,787638.5206,1200000.0,-5.73559459129581,43.5215953028212
2025,528.7297071,"Dolomias De Aragon, S.L.",manufacturing,lime,817520.6203,1542215.026,-1.56847,41.479036
2025,480.1872941,Tudela Veguin - Fábrica De Cales Y Cementos De Tudela Veguín,manufacturing,lime,742464.4564,1400625.027,-5.773367,43.330897
2025,433.9522768,San Ciprian alumina refinery,manufacturing,aluminum,984896.9823,1600000.0,-7.45773751379732,43.6969652655661
2025,357.603155,El Alto Cement Plant,manufacturing,cement,1864013.872,2900000.0,-3.47415630858244,40.2454541220543
2025,342.5684525,Productos Florida,manufacturing,food-beverage-tobacco,10846223028.0,10846223028.0,-0.143257,39.965329
2025,237.061486,Aboño Cement Plant,manufacturing,cement,1374920.361,2400000.0,-5.72257871498625,43.5604263265438
2025,214.2637268,Castillejo Cement Plant,manufacturing,cement,1242696.844,1730000.0,-3.74366467919908,39.9342732016715
2025,214.1026451,Sagunto Cement Plant,manufacturing,cement,1116014.484,1800000.0,2.18354854001366,41.4745038735946
2025,196.76478,Alcanar Cement Plant,manufacturing,cement,1141205.629,2185000.0,0.542746637307943,40.5768302301151
2025,189.9283023,Sant Vicent dels Horts Cement Plant,manufacturing,cement,1101555.104,1780000.0,1.99565717099174,41.4066305463557
2025,182.5798444,Corsa Petfood (Cardona),manufacturing,food-beverage-tobacco,5689150947.0,5689150947.0,1.713645,41.900239
2025,169.1939118,Monjos Cement Plant,manufacturing,cement,981298.8105,1800000.0,1.73006548253867,41.315910427371
2025,164.3216272,Alconera Cement Plant,manufacturing,cement,953040.3051,1600000.0,-6.48408551062447,38.3789017892832
2025,162.4905754,Villaluenga de la Sagra Cement Plant,manufacturing,cement,942420.4849,2350000.0,-0.247555509290133,39.6639869817604
2025,140.1903541,Malaga Cement Plant,manufacturing,cement,813082.6121,1575000.0,-4.32714450818174,36.7146543931554
2025,136.2950956,Alcala Cement Plant,manufacturing,cement,790490.7084,1450000.0,-5.86499004502465,37.359723840258
2025,130.3911419,Alicante Cement Plant,manufacturing,cement,679666.5351,1361000.0,-0.543228553000335,38.3773602768192
2025,128.8333015,ArcelorMittal Sestao steel plant,manufacturing,iron-and-steel,1168225.087,2000000.0,-2.99935881132845,43.313365497902
2025,126.3758571,Toral de los Vados Cement Plant,manufacturing,cement,732960.642,1600000.0,-6.76830049907962,42.5543150646197
2025,119.6949943,Grupo Empresarial ENCE S.A. Divisíon de Celulosa - Pulp Mill Navia,manufacturing,pulp-and-paper,361371.8629,685000.0,-6.7240832,43.5275013
2025,117.927765,Morata Cement Plant,manufacturing,cement,683963.0003,1400000.0,-1.48622168206856,41.4748067107374
2025,111.2123099,Olazagutia Cement Plant,manufacturing,cement,645014.388,1055000.0,-2.19019985454442,42.883060127164
2025,107.4319272,Montcada i Reixac Cement Plant,manufacturing,cement,623088.7461,900000.0,-3.89865850040067,40.0067824857125
2025,105.6038783,La Robla Cement Plant,manufacturing,cement,612486.3422,1200000.0,-5.61847607002069,42.7987222771851
2025,105.0082282,Mataporquera Cement Plant,manufacturing,cement,609031.663,830000.0,-4.15899585440909,42.8742474429706
2025,102.8414705,Bunol Cement Plant,manufacturing,cement,352461.6068,690000.0,-0.775640605440604,39.4369712228479
2025,101.0658849,S.A.T. Nufri 1956,manufacturing,food-beverage-tobacco,3172008621.0,3172008621.0,0.889134,41.641266
2025,96.71270574,"ALUMINIO ESPAÑOL, SA",manufacturing,other-metals,1.0,1.0,-7.473746,43.69597
2025,95.71477217,Cordoba Cement Plant,manufacturing,cement,429295.185,950000.0,-4.76403399257607,37.9026862680405
2025,90.55435131,Cales De Pachs,manufacturing,lime,140014.9234,264131.7092,1.684755,41.366699
2025,89.98966725,Grupo Empresarial ENCE S.A. Divisíon de Celulosa - Pulp Mill Pontevedra,manufacturing,pulp-and-paper,271688.3349,515000.0,-8.6759041,42.4108321
2025,89.97818096,Carboneras Cement Plant,manufacturing,cement,521859.6876,1500000.0,-1.90590614319663,36.9678611386393
2025,89.74177503,Añorga Cement Plant,manufacturing,cement,520488.5694,1050000.0,-1.99710189549101,43.2856206876887
2025,88.31333924,"ALCOA TRANSFORMACION DE PRODUCTOS, S.L. (ALCOA TRANSFORMACIÓN DE PRODUCTOS, S.L.)",manufacturing,other-metals,1.0,1.0,-2.711608,43.208909
2025,87.34383836,"Crisnova Vidrio, S.A.",manufacturing,glass,297841429.8,297841429.8,-0.9578,38.7149
2025,84.60849731,Saint Gobain Cristaleria - Fábrica De Avilés,manufacturing,glass,288386146.3,288386146.3,-5.929742,43.575665
2025,83.71565609,Arrigorriaga Cement Plant,manufacturing,cement,485538.0012,1125000.0,-2.90014458252755,43.204986601252
2025,82.3845579,Lemona Cement Plant,manufacturing,cement,701581.1186,1250000.0,-2.77404364655401,43.2062343456623
2025,81.91630281,Hontoria Cement Plant,manufacturing,cement,475102.0274,815000.0,-4.46577172747526,41.941321666224
2025,81.87315625,"Verallia-Spain, S.A. - Burgos",manufacturing,glass,278930862.9,278930862.9,-3.655664,42.349764
2025,81.18932099,"Guardian Industries Navarra, S.L.U.",manufacturing,glass,276567042.0,276567042.0,-1.665802,42.125474
2025,81.18932099,Ba Glass Spain Villafranca,manufacturing,glass,276567042.0,276567042.0,-6.356428,38.566875
2025,81.10739827,Jerez Cement Plant,manufacturing,cement,470410.5048,1000000.0,-6.07391138282183,36.6184333442247
2025,76.40247414,Agc Flatglass Iberica,manufacturing,glass,260020295.9,260020295.9,-0.255923,39.643104
2025,74.35096835,"Guardian Llodio Uno, S.L.",manufacturing,glass,252928833.3,252928833.3,-2.950052,43.144824
2025,72.08557681,Azucarera De Jerez - Centro De Guadalete,manufacturing,food-beverage-tobacco,2251102893.0,2251102893.0,-6.12817,36.658576
2025,71.74858067,Niebla Cement Plant,manufacturing,cement,416130.7941,700000.0,-6.67217728819555,37.3593414755945
2025,70.50429163,"Verescence La Granja, S.L.U.",manufacturing,glass,50840758.81,50840758.81,-4.011321,40.901928
2025,70.24795677,Saint Gobain Vicasa - Azuqueca,manufacturing,glass,238745908.0,238745908.0,-3.2595,40.5618
2025,70.15355627,Roquette Laisa España,manufacturing,food-beverage-tobacco,2189709177.0,2189709177.0,-0.424301,39.286119
2025,69.56412151,"Aiala Vidrio,  S.A. (Vidrala)",manufacturing,glass,236382087.2,236382087.2,-2.946433,43.149036
2025,67.57752888,Bunge Iberica,manufacturing,food-beverage-tobacco,2107850890.0,2107850890.0,-3.086221,43.356358
2025,57.18598637,Oural Cement Plant,manufacturing,cement,331669.9745,650000.0,-7.45067797746704,42.71711357698
2025,56.78959583,Smurfit Kappa Nervión Pulp Mill,manufacturing,pulp-and-paper,171453.8036,325000.0,-2.6605848,43.1828069
2025,49.77716737,"Repsol SA , Tarragona",manufacturing,petrochemical-steam-cracking,497771.6737,699115.0685,1.226878,41.172192
2025,49.67625332,FERROATLANTICA-DUMBRIA,manufacturing,other-metals,1.0,1.0,-9.08549,42.983626
2025,49.12045386,Acerinox Europa Los Barrios steel plant,manufacturing,iron-and-steel,700935.0522,1200000.0,-5.42232062808179,36.1814675603887
2025,47.86266093,"Dow Chemical Co. , Tarragona ",manufacturing,petrochemical-steam-cracking,478626.6093,672226.0274,1.231963,41.176316
2025,47.59733901,Celsa Barcelona Castellbisbal steel plant,manufacturing,iron-and-steel,1460281.359,2500000.0,1.98099199913505,41.4525778066815
2025,43.58138447,"Alcurnia Alimentación, S. L. U. - Fábrica De Alguazas",manufacturing,food-beverage-tobacco,990628048.8,990628048.8,-1.233333,38.05
2025,36.24994612,Agraz S.A.,manufacturing,food-beverage-tobacco,990628048.8,990628048.8,-6.856241,38.88365
2025,36.03896948,General D'Olis I Derivats,manufacturing,food-beverage-tobacco,990628048.8,990628048.8,0.793693,41.524712
2025,35.99728501,"XALLAS ELECTRICIDAD Y ALEACIONES, SAU-DUMBRIA",manufacturing,other-metals,1.0,1.0,-9.08549,42.983626
2025,34.79737551,FERROATLANTICA - FÁBRICA DE BOO,manufacturing,other-metals,1.0,1.0,-3.839765,43.41228
2025,34.55739361,FERROATLANTICA-CEE,manufacturing,other-metals,1.0,1.0,-9.17315,42.948199
2025,34.28083079,"Lactiber Leon , S.L.",manufacturing,food-beverage-tobacco,990628048.8,990628048.8,-5.571667,42.570278
2025,34.10501692,El Pozo Alimentación,manufacturing,food-beverage-tobacco,990628048.8,990628048.8,-1.41,37.85
2025,33.9995286,Complex Carni La Closa,manufacturing,food-beverage-tobacco,990628048.8,990628048.8,1.289419,41.793379
2025,33.96436582,"Fábrica De Granada (Puleva Food, S.L. Sociedad Unipersonal)",manufacturing,food-beverage-tobacco,990628048.8,990628048.8,-3.637626,37.179721
2025,32.4450333,Tudela de Vegin Cement Plant,manufacturing,cement,111196.6653,200000.0,-5.7750954023731,43.3301019072309
2025,32.41924812,Conesa Vegas Altas S.L.U.,manufacturing,food-beverage-tobacco,990628048.8,990628048.8,-5.939741,39.133189
2025,32.41924812,Fabrica De Piensos Nº2,manufacturing,food-beverage-tobacco,990628048.8,990628048.8,-7.820767,42.287867
2025,32.41924812,S.C.A. Las Marismas De Lebrija,manufacturing,food-beverage-tobacco,990628048.8,990628048.8,-6.066825,36.917268
2025,32.41924812,Matadero De Tres Líneas Y Salas De Despiece,manufacturing,food-beverage-tobacco,990628048.8,990628048.8,-4.833046,38.361359
2025,32.41924812,Borges Agricultural & Industrial Edible Oils,manufacturing,food-beverage-tobacco,990628048.8,990628048.8,1.121329,41.648843
2025,32.41924812,Matadero Frigorifico De Fuentes El Navazo Sl,manufacturing,food-beverage-tobacco,990628048.8,990628048.8,-5.678333,40.508056
2025,32.41924812,Azucarera La Rinconada,manufacturing,food-beverage-tobacco,990628048.8,990628048.8,-5.944838,37.478231
2025,32.41924812,Mercados De Abastecimientos De Barcelona,manufacturing,food-beverage-tobacco,990628048.8,990628048.8,2.118837,41.335324
2025,32.41924812,"Avícola Moraleja, S.A.",manufacturing,food-beverage-tobacco,990628048.8,990628048.8,-3.873828,40.2543
2025,32.41924812,"Cítricos Del Andévalo, S.A.",manufacturing,food-beverage-tobacco,990628048.8,990628048.8,-7.264199,37.461227
2025,32.41924812,Industria Láctea - Planta De Cogeneración,manufacturing,food-beverage-tobacco,990628048.8,990628048.8,-4.835884,38.360414
2025,32.41924812,"Avinatur Sur Producciones Avícolas, S.L.U.",manufacturing,food-beverage-tobacco,990628048.8,990628048.8,-3.154,37.31
2025,32.41924812,"Matadero Industrial Cortegana, S.A.",manufacturing,food-beverage-tobacco,990628048.8,990628048.8,-6.819082,37.916802
2025,32.41924812,"Matadero Frigorífico Begíjar, S.A.",manufacturing,food-beverage-tobacco,990628048.8,990628048.8,-3.53476,37.953954
2025,32.41924812,Explotaciones Avicolas Jose Luis Redondo S.A.,manufacturing,food-beverage-tobacco,990628048.8,990628048.8,-3.784365,40.308192
2025,32.41924812,"Frinova, S.A.",manufacturing,food-beverage-tobacco,990628048.8,990628048.8,-8.623723,42.127671
2025,32.41924812,"Matadero La Jabugueña, S.L.",manufacturing,food-beverage-tobacco,990628048.8,990628048.8,-6.723649,37.921612
2025,32.41924812,Syral Iberia S.A.U.,manufacturing,food-beverage-tobacco,990628048.8,990628048.8,-0.874008,41.677422
2025,32.41924812,"Conserveros Reunidos, S.L.",manufacturing,food-beverage-tobacco,990628048.8,990628048.8,-9.038891,42.529925
2025,32.41924812,Fabrica De Pinsos De Lleida,manufacturing,food-beverage-tobacco,990628048.8,990628048.8,0.649984,41.616647
2025,32.41924812,"Transformaciones Agrícolas De Badajoz, S.A Transa",manufacturing,food-beverage-tobacco,990628048.8,990628048.8,-5.7825,38.985
2025,32.41924812,Liverco Sl,manufacturing,food-beverage-tobacco,990628048.8,990628048.8,-1.4641,41.9783
2025,32.41924812,Matadero Comaran,manufacturing,food-beverage-tobacco,990628048.8,990628048.8,-3.621385,40.034164
2025,32.41924812,Industrias Carnicas La Cope,manufacturing,food-beverage-tobacco,990628048.8,990628048.8,-0.501312,39.440088
2025,32.41924812,Cargill (Martorell),manufacturing,food-beverage-tobacco,990628048.8,990628048.8,1.928261,41.486141
2025,32.41924812,Patel,manufacturing,food-beverage-tobacco,990628048.8,990628048.8,2.342239,42.01319
2025,32.41924812,Cpa Centro De Procesado Avicola,manufacturing,food-beverage-tobacco,990628048.8,990628048.8,-7.983433,42.343667
2025,32.41924812,"Matadero Industrial El Mayorazgo De Jabugo, S.A.",manufacturing,food-beverage-tobacco,990628048.8,990628048.8,-6.95186,37.377194
2025,32.41924812,"Comercial Jabu, S.L.",manufacturing,food-beverage-tobacco,990628048.8,990628048.8,-6.772916,37.927256
2025,32.41924812,Matadero Y Sala De Despiece De Cerdo Ibérico,manufacturing,food-beverage-tobacco,990628048.8,990628048.8,-6.665757,37.920504
2025,32.41924812,Cargill (Barcelona),manufacturing,food-beverage-tobacco,990628048.8,990628048.8,2.15847,41.346774
2025,32.41924812,"Uvesa, S.A.",manufacturing,food-beverage-tobacco,990628048.8,990628048.8,-4.509509,36.707744
2025,32.41924812,Bunge Ibérica,manufacturing,food-beverage-tobacco,990628048.8,990628048.8,-0.327623,39.449836
2025,32.41924812,Frimancha Industrias Cárnicas,manufacturing,food-beverage-tobacco,990628048.8,990628048.8,-3.3994,38.7711
2025,32.41924812,"Bunge Ibérica, S.A.U.",manufacturing,food-beverage-tobacco,990628048.8,990628048.8,-0.952163,37.566691
2025,32.41924812,"Matadero De Cumbres Mayores, S.A.",manufacturing,food-beverage-tobacco,990628048.8,990628048.8,-6.619334,38.056981
2025,32.41924812,"La Casa De La Carne, S.A.U.",manufacturing,food-beverage-tobacco,990628048.8,990628048.8,-3.741853,40.271651
2025,32.41924812,"Montesano Extremadura, S.A.",manufacturing,food-beverage-tobacco,990628048.8,990628048.8,-6.77,38.33
2025,32.41924812,Heineken España - Fabrica De Madrid,manufacturing,food-beverage-tobacco,990628048.8,990628048.8,-3.63038,40.55926
2025,32.41924812,Compañia Cervecera Damm,manufacturing,food-beverage-tobacco,990628048.8,990628048.8,2.081639,41.32101
2025,32.41924812,"Deoleo, S.A. (Fabrica De Andújar)",manufacturing,food-beverage-tobacco,990628048.8,990628048.8,-4.06033,38.03118
2025,32.41924812,"Factoría Oleícola Aceites Coosur, S.A.",manufacturing,food-beverage-tobacco,990628048.8,990628048.8,-3.527145,37.94119
2025,32.41924812,Nafosa-Esplus,manufacturing,food-beverage-tobacco,990628048.8,990628048.8,0.273449,41.798563
2025,32.41924812,Cargill (Reus),manufacturing,food-beverage-tobacco,990628048.8,990628048.8,1.081393,41.161372
2025,32.41924812,Complejo Agroalimentario Bejar,manufacturing,food-beverage-tobacco,990628048.8,990628048.8,-5.76527,40.38948
2025,32.41924812,"Complejo Industrial Mataderos Industriales Soler, S.A. (Prolongo) Y Faccsa",manufacturing,food-beverage-tobacco,990628048.8,990628048.8,-4.608509,36.735751
2025,32.41924812,Piensos Nanfor,manufacturing,food-beverage-tobacco,990628048.8,990628048.8,-8.650278,42.78
2025,32.41924812,"Incoas, S.A.(Industrias Correctoras Asociadas, S.A.)",manufacturing,food-beverage-tobacco,990628048.8,990628048.8,-3.783333,40.183333
2025,32.41924812,"Nanta, S.A.",manufacturing,food-beverage-tobacco,990628048.8,990628048.8,-6.403549,38.696333
2025,32.41924812,Bunge Iberica,manufacturing,food-beverage-tobacco,990628048.8,990628048.8,2.169759,41.360833
2025,32.41924812,"Mataderos Salamanca, S.L.",manufacturing,food-beverage-tobacco,990628048.8,990628048.8,-5.637222,40.855
2025,32.41924812,Industrias Cárnicas Tello S.A.,manufacturing,food-beverage-tobacco,990628048.8,990628048.8,-4.2499,39.7248
2025,32.41924812,Affinity Petcare,manufacturing,food-beverage-tobacco,990628048.8,990628048.8,1.654139,41.313652
2025,32.41924812,Azucarera De Toro,manufacturing,food-beverage-tobacco,990628048.8,990628048.8,-5.37755,41.512081
2025,32.41924812,"Sánchez Romero Carvajal Jabugo, S.A.",manufacturing,food-beverage-tobacco,990628048.8,990628048.8,-6.725019,37.919001
2025,32.41924812,Ab Azucarera Iberia S.L.U  De Miranda,manufacturing,food-beverage-tobacco,990628048.8,990628048.8,-2.92635,42.697133
2025,32.41924812,Coosur Vilches,manufacturing,food-beverage-tobacco,990628048.8,990628048.8,-3.517708,38.220662
2025,32.41924812,"Palacios Alimentación, S.A.",manufacturing,food-beverage-tobacco,990628048.8,990628048.8,-2.481923,42.365774
2025,32.41924812,"Matadero Del Sur, S.A.",manufacturing,food-beverage-tobacco,990628048.8,990628048.8,-6.04,37.83
2025,32.41924812,Grupo Alimentario Argal,manufacturing,food-beverage-tobacco,990628048.8,990628048.8,0.881271,41.611588
2025,32.41924812,"Harinera De Tardienta, S.A.",manufacturing,food-beverage-tobacco,990628048.8,990628048.8,-0.536634,41.978189
2025,32.41924812,Azucarera De La Bañeza,manufacturing,food-beverage-tobacco,990628048.8,990628048.8,-5.907831,42.303933
2025,32.41924812,Centro Industrial Chapela,manufacturing,food-beverage-tobacco,990628048.8,990628048.8,-8.60665,42.2862
2025,32.41924812,Frinsa Del Noroeste S.A.,manufacturing,food-beverage-tobacco,990628048.8,990628048.8,-8.997258,42.577494
2025,32.41924812,Centro De Marchena,manufacturing,food-beverage-tobacco,990628048.8,990628048.8,-5.400128,37.333937
2025,32.41924812,"Manuel Romero Delgado, S.L.",manufacturing,food-beverage-tobacco,990628048.8,990628048.8,-6.72952,37.922795
2025,32.41924812,Matadero De Porriño Sada P.A. Castilla-Galicia,manufacturing,food-beverage-tobacco,990628048.8,990628048.8,-8.621279,42.166264
2025,32.41924812,"Campo De San Juan, S.L.",manufacturing,food-beverage-tobacco,990628048.8,990628048.8,-3.2217,39.4131
2025,32.41924812,"Unilever Foods España, S.A. (Unilever Foods España, S.A.)",manufacturing,food-beverage-tobacco,990628048.8,990628048.8,-3.002984,43.319378
2025,32.41924812,Puleva Food,manufacturing,food-beverage-tobacco,990628048.8,990628048.8,0.903825,41.632528
2025,32.41924812,"Cooperativa Del Campo ""San Miguel""",manufacturing,food-beverage-tobacco,990628048.8,990628048.8,-1.259908,41.911769
2025,30.78119914,ArcelorMittal Olaberria-Bergara (Olaberria) steel plant,manufacturing,iron-and-steel,846963.188,1450000.0,-2.21881534294849,43.0376945024084
2025,29.27779181,FERROATLANTICA DE BOO,manufacturing,other-metals,1.0,1.0,-3.839765,43.41228
2025,28.65359808,Megasa Siderúrgica Narón steel plant,manufacturing,iron-and-steel,408878.7804,700000.0,-8.16427214835909,43.514105214474
2025,28.31786421,ALCOA INESPAL - AVILÉS,manufacturing,other-metals,1.0,1.0,-5.921992,43.55547
2025,26.87797281,"ALCOA INESPAL, S.A. - LA CORUÑA",manufacturing,other-metals,1.0,1.0,-8.4359,43.3507
2025,24.75061628,Riva Siderurgica Sevillana steel plant,manufacturing,iron-and-steel,759346.3065,1300000.0,-5.88738203327593,37.3627487544071
2025,24.75061628,Grupo Gallardo Siderurgica Balboa Jerez de los Caballeros steel plant,manufacturing,iron-and-steel,759346.3065,1300000.0,-6.71619487423941,38.320422296635
2025,22.60054218,Lugo Province,manufacturing,aluminum,58992.31538,66507.68363,-7.43612713537432,43.0696037894801
2025,20.46685577,Megasider Zaragoza steel plant,manufacturing,iron-and-steel,292056.2717,500000.0,-0.856130639358379,41.5704186313669
2025,19.0389356,Celsa Nervacero steel plant,manufacturing,iron-and-steel,584112.5435,1000000.0,-3.02441085805676,43.3071840959396
2025,16.76055412,Verallia Spain,manufacturing,glass,50840758.81,50840758.81,1.13815,41.39473
2025,15.88843706,Ursa Iberica Aislantes,manufacturing,glass,50840758.81,50840758.81,1.301435,41.350337
2025,15.88843706,Vernis,manufacturing,glass,50840758.81,50840758.81,-0.241342,39.973667
2025,15.88843706,Colorobbia España,manufacturing,glass,50840758.81,50840758.81,-0.019033,40.122092
2025,15.88843706,Saint-Gobain Glass.- Fabrica De Renedo,manufacturing,glass,50840758.81,50840758.81,-3.94758,43.35404
2025,15.88843706,Kerafrit S.A.,manufacturing,glass,50840758.81,50840758.81,-0.144992,39.943876
2025,15.88843706,Vidrierias Masip,manufacturing,glass,50840758.81,50840758.81,2.084662,41.356884
2025,15.88843706,Coloronda,manufacturing,glass,50840758.81,50840758.81,-0.233741,39.96862
2025,15.88843706,Coloresmalt,manufacturing,glass,50840758.81,50840758.81,-0.211701,40.111574
2025,15.88843706,"Fábrica De Alcalá De Guadaira (Saint Gobain Vicasa, S.A.)",manufacturing,glass,50840758.81,50840758.81,-5.889481,37.302987
2025,15.88843706,Vidriera Del Atlántico S.A.,manufacturing,glass,50840758.81,50840758.81,-7.721944,42.082778
2025,15.88843706,Colorificio Cerámico Bonet,manufacturing,glass,50840758.81,50840758.81,-0.275492,40.017405
2025,15.88843706,"Bonet Spain, S.L",manufacturing,glass,50840758.81,50840758.81,0.028807,40.14989
2025,15.88843706,"Fábrica De Jerez (Saint Gobain Vicasa, S.A.)",manufacturing,glass,50840758.81,50840758.81,-6.124322,36.685097
2025,15.88843706,Quimicer,manufacturing,glass,50840758.81,50840758.81,-0.271114,40.007015
2025,15.88843706,Ferro Spain Nules,manufacturing,glass,50840758.81,50840758.81,-0.162647,39.829172
2025,15.88843706,Ocv Reinforcements Alcala Spain S.L.,manufacturing,glass,50840758.81,50840758.81,-3.35151,40.51014
2025,15.88843706,Vidrieras Canarias S.A.,manufacturing,glass,50840758.81,50840758.81,-15.384378,27.980152
2025,15.88843706,Ferro Spain-Almassora,manufacturing,glass,50840758.81,50840758.81,-0.076592,39.956492
2025,15.88843706,Vidres,manufacturing,glass,50840758.81,50840758.81,-0.143615,39.945733
2025,15.88843706,Esmaltes,manufacturing,glass,50840758.81,50840758.81,-0.19348,40.062664
2025,15.88843706,Vidrieria Rovira,manufacturing,glass,50840758.81,50840758.81,2.125607,41.327397
2025,15.88843706,Castellar Vidrio,manufacturing,glass,50840758.81,50840758.81,2.093161,41.592341
2025,15.88843706,Torrecid I Y Ii,manufacturing,glass,50840758.81,50840758.81,-0.189229,40.061138
2025,15.88843706,Fritta Slu,manufacturing,glass,50840758.81,50840758.81,-0.20156,39.95459
2025,15.88843706,Schott Iberica,manufacturing,glass,50840758.81,50840758.81,2.227346,41.430468
2025,15.88843706,"Vidriería Y Cristalería De Lamiaco, S.A. (Vidriería Y Cristalería De Lamiaco S.A.)",manufacturing,glass,50840758.81,50840758.81,-3.00588,43.32083
2025,15.88843706,Smalticeram España,manufacturing,glass,50840758.81,50840758.81,-0.234151,39.960199
2025,15.88843706,"Ba Glass Spain, S.L.",manufacturing,glass,50840758.81,50840758.81,-5.581055,42.550109
2025,15.88843706,"Saint-Gobain Isover Ibérica, S.L.",manufacturing,glass,50840758.81,50840758.81,-3.2563,40.5646
2025,15.88843706,Endeka Ceramics-Vall D´Alba,manufacturing,glass,50840758.81,50840758.81,-0.006249,40.161737
2025,15.88843706,"Vidrios Reciclados San Miguel, S.L.",manufacturing,glass,50840758.81,50840758.81,-0.582855,38.887358
2025,15.88843706,Saint-Gobain Cristaleria,manufacturing,glass,50840758.81,50840758.81,1.588972,41.26198
2025,15.88843706,Verallia - Zgz (Anterior S.Gobain Vicasa),manufacturing,glass,50840758.81,50840758.81,-0.943928,41.59879
2025,15.88843706,"Fábrica De Alcalá De Guadaira (Vidriera Rovira, S.L.)",manufacturing,glass,50840758.81,50840758.81,-5.833487,37.333934
2025,15.88843706,Esmalglass,manufacturing,glass,50840758.81,50840758.81,-0.157894,39.946256
2025,15.88843706,Esmaldur,manufacturing,glass,50840758.81,50840758.81,-0.152434,40.035189
2025,15.88843706,Ramon Clemente,manufacturing,glass,50840758.81,50840758.81,2.327623,41.483939
2025,15.88843706,Cerfrit,manufacturing,glass,50840758.81,50840758.81,-0.170485,39.831481
2025,14.2792017,Celsa Global Steel Wire Santander plant,manufacturing,iron-and-steel,438084.4076,750000.0,-3.8413172497133,43.4449201235133
2025,14.08881235,Sidenor Aceros Especiales Basauri steel plant,manufacturing,iron-and-steel,432243.2822,740000.0,-2.88294175802448,43.2263099396927
2025,11.42336136,Grupo Gallardo Corrugados Getafe steel plant,manufacturing,iron-and-steel,350467.5261,600000.0,-3.70579830284928,40.3106603989214
2025,9.661707412,Sagunto Catalina Project,manufacturing,chemicals,175000.0,200000.0,-0.224196877555634,39.6476923210642
2025,9.661707412,Puertollano Fertilizers,manufacturing,chemicals,175000.0,200000.0,-4.0584502,38.66396
2025,7.149191381,"Repsol SA , Puertollano ",manufacturing,petrochemical-steam-cracking,71491.91381,101580.8219,-4.054309,38.6705
2025,5.908959659,Spain,manufacturing,chemicals,498622.0184,640704.0,-3.6170206023873743,40.348656106226734
2025,5.059294879,Creaciones Euromoda S.L.,manufacturing,textiles-leather-apparel,556774189.4,556774189.4,-0.6161235,38.7563069
2025,5.059294879,Calzados Cienta Slu,manufacturing,textiles-leather-apparel,556774189.4,556774189.4,-2.088897,42.2353611
2025,5.059294879,Crechi International S.A.,manufacturing,textiles-leather-apparel,556774189.4,556774189.4,-0.5346586,39.56661769999999
2025,5.059294879,Fello S.A.,manufacturing,textiles-leather-apparel,556774189.4,556774189.4,1.8641519,41.6291032
2025,5.059294879,Jaume Estevez I Serra,manufacturing,textiles-leather-apparel,556774189.4,556774189.4,2.7156021,41.7092908
2025,5.059294879,Iruna Comunicación Textil - Serisur,manufacturing,textiles-leather-apparel,556774189.4,556774189.4,-3.7868307,37.1930851
2025,5.059294879,Textprint,manufacturing,textiles-leather-apparel,556774189.4,556774189.4,2.3343833,41.5911628
2025,5.059294879,Star Vie S.L.,manufacturing,textiles-leather-apparel,556774189.4,556774189.4,-3.2601311,40.5587223
2025,5.059294879,Aprestos De Laneria Spa,manufacturing,textiles-leather-apparel,556774189.4,556774189.4,2.1082727,41.5677592
2025,5.059294879,Laken Productos Deportivos S.A.,manufacturing,textiles-leather-apparel,556774189.4,556774189.4,-1.1849603,37.9514997
2025,5.059294879,Diego Torvisco,manufacturing,textiles-leather-apparel,556774189.4,556774189.4,2.4554698,41.5600797
2025,5.059294879,"Maria Gili Margenats, S.L",manufacturing,textiles-leather-apparel,556774189.4,556774189.4,2.6677949,41.6272797
2025,5.059294879,Julio Maestre,manufacturing,textiles-leather-apparel,556774189.4,556774189.4,-5.1507667,40.9839999
2025,5.059294879,Genuins,manufacturing,textiles-leather-apparel,556774189.4,556774189.4,-0.6131261,38.2991244
2025,5.059294879,Hilaturas Miel S.L.,manufacturing,textiles-leather-apparel,556774189.4,556774189.4,-0.4350982,38.4260809
2025,5.059294879,Varisport S.L.,manufacturing,textiles-leather-apparel,556774189.4,556774189.4,2.0943142,41.5596943
2025,5.059294879,Costa Anatomicas Sl,manufacturing,textiles-leather-apparel,556774189.4,556774189.4,-1.0020131,38.1270687
2025,5.059294879,Vidreres 2000 S.L.,manufacturing,textiles-leather-apparel,556774189.4,556774189.4,2.7398491,41.6540445
2025,5.059294879,Best Partner Consulting,manufacturing,textiles-leather-apparel,556774189.4,556774189.4,-0.7830189,38.1213691
2025,5.059294879,Antex Angles Textile Sa,manufacturing,textiles-leather-apparel,556774189.4,556774189.4,2.6603861,41.9552063
2025,5.059294879,Luanvi S.A,manufacturing,textiles-leather-apparel,556774189.4,556774189.4,-0.4650515,39.5528369
2025,5.059294879,Spw Fabrics,manufacturing,textiles-leather-apparel,556774189.4,556774189.4,2.4003412,41.5936622
2025,5.059294879,Belda Lloréns,manufacturing,textiles-leather-apparel,556774189.4,556774189.4,-0.6639426,38.7066719
2025,5.059294879,Jess Rincon,manufacturing,textiles-leather-apparel,556774189.4,556774189.4,-0.6218229,38.2932723
2025,5.059294879,Takeme Shoes S.L.,manufacturing,textiles-leather-apparel,556774189.4,556774189.4,-0.6174038,38.29356689999999
2025,5.059294879,Castma S.L,manufacturing,textiles-leather-apparel,556774189.4,556774189.4,-0.0422795,39.99951129999999
2025,5.059294879,Morera Pell Sl,manufacturing,textiles-leather-apparel,556774189.4,556774189.4,1.6141494,41.5778541
2025,5.059294879,Global De Calzado Sl,manufacturing,textiles-leather-apparel,556774189.4,556774189.4,-2.088897,42.2353611
2025,5.059294879,Satinsa,manufacturing,textiles-leather-apparel,556774189.4,556774189.4,-0.5570476,38.8312414
2025,5.059294879,"Dedatex 86, S.L",manufacturing,textiles-leather-apparel,556774189.4,556774189.4,-3.7037902,40.4167754
2025,5.059294879,Ranch Exportaciones Sl,manufacturing,textiles-leather-apparel,556774189.4,556774189.4,-0.6117391,38.2899949
2025,4.827523298,San Ciprian aluminium plant,manufacturing,aluminum,8046.478997,9100.0,-7.45773751379732,43.6969652655661
2026,3.985273467,"Repsol SA , Tarragona",manufacturing,petrochemical-steam-cracking,39852.73467,58500.0,1.226878,41.172192
2026,3.831993717,"Dow Chemical Co. , Tarragona ",manufacturing,petrochemical-steam-cracking,38319.93717,56250.0,1.231963,41.176316
2026,0.579056828,"Repsol SA , Puertollano ",manufacturing,petrochemical-steam-cracking,5790.568284,8500.0,-4.054309,38.6705
2024,964.4,Ence Huelva power station,power,electricity-generation,784580.0,167.5,-6.8615,37.3073
2024,825.3,Curtis-Teixeiro power station,power,electricity-generation,556990.0,100.0,-8.011,43.1577
2024,586.8,Ence Navia power station,power,electricity-generation,428880.0,77.0,-6.7247,43.5266
2024,434.9,Zabalgarbi power station,power,electricity-generation,393560.0,96.0,-2.9699,43.2509
2024,381.6,Sogama power station,power,electricity-generation,320870.0,71.72,-8.4402,43.1703
2024,381.0,Ence Puertollano power station,power,electricity-generation,278490.0,50.0,-3.9883,38.6559
2024,381.0,Cubillos del Sil power station,power,electricity-generation,278490.0,50.0,-6.5685,42.6235
2024,289.6,Son Reus incineration power station,power,electricity-generation,424090.0,72.94,2.6824,39.6443
2024,264.6,ENCE - PONTEVEDRA $$,power,electricity-generation,199650.0,40.47,-8.6667,42.4167
2024,171.4,TERMOSOLAR BORGES,power,electricity-generation,125309.0,22.5,0.8095,41.5334
2024,121.83,ENEMANSA,power,electricity-generation,89009.0,15.98,-3.4233,39.2379
2024,95.61,VETEJAR,power,electricity-generation,69903.0,12.55,0.7956,42.702
2024,90.06,Besós 5 power station,power,electricity-generation,3294900.0,1952.0,2.2286,41.4185
2024,80.26,Barranco de Tirajana power station,power,electricity-generation,812440.0,675.0,-15.4379,27.8042
2024,73.83,Granadilla power station,power,electricity-generation,1030270.0,717.0,-16.4934,28.0848
2024,59.23,Punta Grande power station,power,electricity-generation,317150.0,263.5,-13.5167,28.9794
2024,49.76,Mahon power station,power,electricity-generation,266500.0,221.4,4.2586,39.8969
2024,47.38,Jinamar power station,power,electricity-generation,259320.0,215.45,-15.4114,28.0424
2024,46.52,Smurfit Mengíbar power station,power,electricity-generation,80925.0,31.84,-3.7934,37.9812
2024,45.18,Candelaria power plant,power,electricity-generation,323730.0,245.7,-16.3575,28.3814
2024,44.43,Las Salinas power station,power,electricity-generation,237910.0,197.68,-13.8452,28.5042
2024,42.23,Vila Ibiza power station,power,electricity-generation,452860.0,298.7,1.43,38.9189
2024,39.3,Alcúdia power station,power,electricity-generation,675030.0,335.0,3.0914,39.8107
2024,31.78,Ceuta power station,power,electricity-generation,170200.0,141.4,-5.2895,35.9026
2024,31.09,Aboño power station,power,electricity-generation,809670.0,360.0,-5.7219,43.5536
2024,23.16,Los Guinchos power station,power,electricity-generation,124031.0,103.04,-17.768,28.6651
2024,23.14,Losan Talosa power station,power,electricity-generation,63830.0,28.5,-2.5115,41.7831
2024,17.95,Melilla power station,power,electricity-generation,96192.0,79.92,-2.9379,35.2904
2024,16.194,Soto de Ribera power station,power,electricity-generation,1469150.0,1204.0,-5.874,43.3117
2024,14.61,El Morell power station,power,electricity-generation,78236.0,65.0,1.2253,41.1936
2024,12.195,Refineria La Rabida power station,power,electricity-generation,217290.0,134.0,-6.8939,37.1815
2024,11.234,Arona power station,power,electricity-generation,60180.0,50.0,-16.6429,28.0497
2024,11.234,ARONA 1  GAS 1,power,electricity-generation,60180.0,50.0,-16.681,28.0996
2024,11.234,Guía de Isora power station,power,electricity-generation,60180.0,50.0,-16.8038,28.2225
2024,10.541,Puertollano (Repsol) power station,power,electricity-generation,198650.0,121.0,-4.0572,38.6759
2024,9.44,Tarragona Refinery power station,power,electricity-generation,101104.0,84.0,1.224,41.1765
2024,6.075,As Pontes power station,power,electricity-generation,1376130.0,770.0,-7.863,43.441
2024,6.018,BOINERSA,power,electricity-generation,32226.0,26.78,-8.9,42.65
2024,5.812,Bahía de Bizkaia power station,power,electricity-generation,1372370.0,788.0,-3.0921,43.359
2024,5.709,FORESTAL DEL ATLANTICO,power,electricity-generation,30571.0,25.4,-8.2366,43.4621
2024,5.618,FINSA-SANTIAGO,power,electricity-generation,30091.0,25.0,-8.5457,42.8805
2024,5.4166,Bahia de Algeciras power station,power,electricity-generation,1174041.0,740.0,-5.3905,36.1829
2024,5.091,La Coruna Refinery power station,power,electricity-generation,125145.0,80.7,-8.4553,43.3462
2024,4.845,Cartagena (Escombreras) power station,power,electricity-generation,2354200.0,1248.7,-0.9384,37.5727
2024,4.818,Amorebieta power station,power,electricity-generation,1105950.0,755.0,-2.7497,43.2347
2024,4.495,Gajano power station,power,electricity-generation,89910.0,74.7,-3.7509,43.422
2024,4.484,Plana del Vent power station,power,electricity-generation,2179700.0,834.1,0.8692,40.9596
2024,4.2933,Castellón power station,power,electricity-generation,979490.0,1650.0,-0.001,39.9592
2024,4.011,Ca's Tresorer power station,power,electricity-generation,790610.0,462.8,2.6895,39.5672
2024,3.925,Son Reus power station,power,electricity-generation,771340.0,451.0,2.6808,39.6483
2024,3.92,Arcos de la Frontera power station,power,electricity-generation,1241120.0,1575.4,-5.8164,36.6721
2024,3.91158,Escatrón 3 power station,power,electricity-generation,897992.0,800.0,-0.3365,41.2973
2024,3.851,Sagunto power station,power,electricity-generation,1871730.0,1232.1,-0.2332,39.6425
2024,3.234,San Roque Refinery power station,power,electricity-generation,321230.0,164.7,-5.3881,36.1888
2024,3.195,Torrelavega power station,power,electricity-generation,83215.0,37.0,-4.0588,43.3608
2024,3.082,Aceca 3 power station,power,electricity-generation,1498770.0,759.0,-3.8553,39.9434
2024,3.0307,Castejón power station,power,electricity-generation,1472670.0,1222.2,-1.6773,42.1718
2024,2.942454,Escombreras Iberdrola power station,power,electricity-generation,716080.5,800.0,-0.9513,37.5647
2024,2.744,San Roque 1 power station,power,electricity-generation,1333880.0,792.0,-5.4136,36.1956
2024,2.31,Escatron Peaker A.I.E. power station,power,electricity-generation,466610.0,276.0,-0.2176,41.2809
2024,2.2101,Palos power station,power,electricity-generation,1074290.0,1166.8,-6.8842,37.1843
2024,2.0506,Arrubal power station,power,electricity-generation,997280.0,784.6,-2.2511,42.4194
2024,1.9482,Puerto De Barcelona power station,power,electricity-generation,947415.0,866.2,2.1594,41.3366
2024,1.64947,Campo de Gibraltar power station,power,electricity-generation,802330.0,780.5,-5.3933,36.1834
2024,1.5599,Sabón 3 power station,power,electricity-generation,758090.0,391.0,-8.503,43.329
2024,1.491,SAICA Mill Zaragoza power station,power,electricity-generation,210830.0,108.1,-0.8704,41.6734
2024,1.2941,El Fangal power station,power,electricity-generation,629240.0,1199.0,-0.9458,37.5709
2024,1.0312,Cartagena Refinery power station,power,electricity-generation,175470.0,95.9,-1.0999,37.7043
2024,1.0055,Málaga power station,power,electricity-generation,489184.0,416.0,-4.5631,36.7495
2024,0.8331,NUFRI,power,electricity-generation,63346.0,32.48,0.9,41.6333
2024,0.73931,Santurce power station,power,electricity-generation,359504.6,396.0,-3.0539,43.34
2024,0.6291,Neumaticos Michelin Vitoria power station,power,electricity-generation,104846.0,56.68,-2.6717,42.8667
2024,0.629,Fuenlabrada Mill power station,power,electricity-generation,105875.0,57.54,-3.7706,40.269
2024,0.6182,Tortosa Energia power station,power,electricity-generation,75908.0,41.6,0.5389,40.7702
2024,0.59117,Tarragona power station,power,electricity-generation,147360.0,410.0,1.1805,41.1102
2024,0.5901,Repsol Cartagena Refinery power station,power,electricity-generation,164400.0,86.74,-0.9189,37.5728
2024,0.5899,Rossello Mill power station,power,electricity-generation,44859.0,23.0,0.595,41.6942
2024,0.5515,Zaragoza Mill power station,power,electricity-generation,83864.0,43.0,-0.8247,41.6929
2024,0.5386,Solvay Torrelavega power station,power,electricity-generation,97564.0,55.0,-4.0447,43.3766
2024,0.5362,Duenas Mill power station,power,electricity-generation,95437.0,53.36,-4.5601,41.8395
2024,0.5271,Barcelona Cartonboard power station,power,electricity-generation,92195.0,51.1,1.9557,41.4642
2024,0.51722,Castelnou power station,power,electricity-generation,119906.7,773.0,-0.2928,41.2167
2024,0.5129,Michelin Valladolid power station,power,electricity-generation,85237.0,46.0,-4.7161,41.6753
2024,0.5103,Motril Mill power station,power,electricity-generation,88909.0,49.18,-3.5424,36.7316
2024,0.4872,Cotesa power station,power,electricity-generation,74113.0,38.0,-16.2781,28.454
2024,0.4872,Genfibre cogeneration power station,power,electricity-generation,86150.0,48.0,-2.927,42.681
2024,0.4188,ADS JUNEDA 2,power,electricity-generation,31854.0,16.33,0.8245,41.5485
2024,0.3797,AGREDA,power,electricity-generation,28867.0,14.8,-1.9224,41.8559
2024,0.3747,GENSABON,power,electricity-generation,28475.0,14.6,-8.5075,43.3048
2024,0.3592,Michelin Aranda power station,power,electricity-generation,56174.0,29.3,-3.71,41.6629
2024,0.3592,GEMASA power station,power,electricity-generation,54610.0,28.0,-6.9039,37.1841
2024,0.3592,Pobla De Claramunt power station,power,electricity-generation,61350.0,33.6,1.6855,41.5519
2024,0.35151,Cristobal Colón power station,power,electricity-generation,170853.8,391.0,-6.943,37.2156
2024,0.3206,Bioetanol Galicia power station,power,electricity-generation,48760.0,25.0,-8.0233,43.1562
2024,0.3206,Martorell Seat power station,power,electricity-generation,48760.0,25.0,1.9013,41.4961
2024,0.3206,Sant Joan Mill power station,power,electricity-generation,48760.0,25.0,2.5162,42.2161
2024,0.3077,Navia (Prat) power station,power,electricity-generation,46810.0,24.0,-6.6944,43.5054
2024,0.2822,Ecocarburantes Españoles power station,power,electricity-generation,42908.0,22.0,-0.9233,37.5805
2024,0.2759,FERTIMOLINA,power,electricity-generation,20967.0,10.75,-1.8876,40.8436
2024,0.25,Álabe Villarrubia power station,power,electricity-generation,45674.0,25.85,-3.369,39.9856
2024,0.2486,Losan Pina power station,power,electricity-generation,42605.0,23.38,-2.0403,39.9952
2024,0.245,Cella Factory power station,power,electricity-generation,44114.0,24.8,-1.248,40.4568
2024,0.1922,Enercrisa power station,power,electricity-generation,36923.0,21.37,-3.1508,42.4838
2024,0.1744,OLEXTRA,power,electricity-generation,31303.0,17.57,1.3135,42.069
2024,0.1699,Figuruelas power station,power,electricity-generation,35090.0,20.94,-1.1802,41.752
2024,0.1686,COTASA,power,electricity-generation,25630.0,13.14,-0.2,40.0667
2024,0.136,COLORTEX,power,electricity-generation,24284.0,13.6,-0.6167,38.8167
2024,0.12651,Peninsular de Cogeneracion Mill power station,power,electricity-generation,105320.0,54.0,-3.7681,40.2709
2024,0.11698,Hernani Mill power station,power,electricity-generation,97518.0,50.0,-1.9678,43.2584
2024,0.11228,Castellon Refinery power station,power,electricity-generation,93618.0,48.0,-0.0016,39.9591
2025,961.6,Ence Huelva power station,power,electricity-generation,782300.0,167.5,-6.8615,37.3073
2025,822.9,Curtis-Teixeiro power station,power,electricity-generation,555370.0,100.0,-8.011,43.1577
2025,585.1,Ence Navia power station,power,electricity-generation,427630.0,77.0,-6.7247,43.5266
2025,433.6,Zabalgarbi power station,power,electricity-generation,392410.0,96.0,-2.9699,43.2509
2025,380.5,Sogama power station,power,electricity-generation,319930.0,71.72,-8.4402,43.1703
2025,379.9,Ence Puertollano power station,power,electricity-generation,277680.0,50.0,-3.9883,38.6559
2025,379.9,Cubillos del Sil power station,power,electricity-generation,277680.0,50.0,-6.5685,42.6235
2025,288.8,Son Reus incineration power station,power,electricity-generation,422860.0,72.94,2.6824,39.6443
2025,263.8,ENCE - PONTEVEDRA $$,power,electricity-generation,199070.0,40.47,-8.6667,42.4167
2025,170.9,TERMOSOLAR BORGES,power,electricity-generation,124939.0,22.5,0.8095,41.5334
2025,121.44,ENEMANSA,power,electricity-generation,88750.0,15.98,-3.4233,39.2379
2025,100.44,Besós 5 power station,power,electricity-generation,3672400.0,1952.0,2.2286,41.4185
2025,95.34,VETEJAR,power,electricity-generation,69699.0,12.55,0.7956,42.702
2025,80.03,Barranco de Tirajana power station,power,electricity-generation,810080.0,675.0,-15.4379,27.8042
2025,73.61,Granadilla power station,power,electricity-generation,1027270.0,717.0,-16.4934,28.0848
2025,59.06,Punta Grande power station,power,electricity-generation,316230.0,263.5,-13.5167,28.9794
2025,49.61,Mahon power station,power,electricity-generation,265730.0,221.4,4.2586,39.8969
2025,47.25,Jinamar power station,power,electricity-generation,258560.0,215.45,-15.4114,28.0424
2025,46.39,Smurfit Mengíbar power station,power,electricity-generation,80690.0,31.84,-3.7934,37.9812
2025,45.05,Candelaria power plant,power,electricity-generation,322790.0,245.7,-16.3575,28.3814
2025,44.3,Las Salinas power station,power,electricity-generation,237220.0,197.68,-13.8452,28.5042
2025,42.11,Vila Ibiza power station,power,electricity-generation,451540.0,298.7,1.43,38.9189
2025,39.19,Alcúdia power station,power,electricity-generation,673070.0,335.0,3.0914,39.8107
2025,31.69,Ceuta power station,power,electricity-generation,169710.0,141.4,-5.2895,35.9026
2025,31.0,Aboño power station,power,electricity-generation,807320.0,360.0,-5.7219,43.5536
2025,24.7,Soto de Ribera power station,power,electricity-generation,2242000.0,1204.0,-5.874,43.3117
2025,23.1,Los Guinchos power station,power,electricity-generation,123671.0,103.04,-17.768,28.6651
2025,23.07,Losan Talosa power station,power,electricity-generation,63645.0,28.5,-2.5115,41.7831
2025,17.9,Melilla power station,power,electricity-generation,95913.0,79.92,-2.9379,35.2904
2025,14.57,El Morell power station,power,electricity-generation,78009.0,65.0,1.2253,41.1936
2025,12.158,Refineria La Rabida power station,power,electricity-generation,216660.0,134.0,-6.8939,37.1815
2025,11.201,ARONA 1  GAS 1,power,electricity-generation,60005.0,50.0,-16.681,28.0996
2025,11.201,Guía de Isora power station,power,electricity-generation,60005.0,50.0,-16.8038,28.2225
2025,11.201,Arona power station,power,electricity-generation,60005.0,50.0,-16.6429,28.0497
2025,10.51,Puertollano (Repsol) power station,power,electricity-generation,198070.0,121.0,-4.0572,38.6759
2025,9.413,Tarragona Refinery power station,power,electricity-generation,100810.0,84.0,1.224,41.1765
2025,8.829,Escatrón 3 power station,power,electricity-generation,2026980.0,800.0,-0.3365,41.2973
2025,8.754,Bahia de Algeciras power station,power,electricity-generation,1894730.0,740.0,-5.3905,36.1829
2025,6.816,Arcos de la Frontera power station,power,electricity-generation,2158530.0,1575.4,-5.8164,36.6721
2025,6.741,As Pontes power station,power,electricity-generation,1526740.0,770.0,-7.863,43.441
2025,6.0601,Amorebieta power station,power,electricity-generation,1391510.0,755.0,-2.7497,43.2347
2025,6.001,BOINERSA,power,electricity-generation,32133.0,26.78,-8.9,42.65
2025,5.951,Cartagena (Escombreras) power station,power,electricity-generation,2893500.0,1248.7,-0.9384,37.5727
2025,5.693,FORESTAL DEL ATLANTICO,power,electricity-generation,30482.0,25.4,-8.2366,43.4621
2025,5.601,FINSA-SANTIAGO,power,electricity-generation,30004.0,25.0,-8.5457,42.8805
2025,5.581,Sagunto power station,power,electricity-generation,2713200.0,1232.1,-0.2332,39.6425
2025,5.076,La Coruna Refinery power station,power,electricity-generation,124785.0,80.7,-8.4553,43.3462
2025,5.031,Palos power station,power,electricity-generation,2445410.0,1166.8,-6.8842,37.1843
2025,4.862,Campo de Gibraltar power station,power,electricity-generation,2363080.0,780.5,-5.3933,36.1834
2025,4.62987,Bahía de Bizkaia power station,power,electricity-generation,1092351.5,788.0,-3.0921,43.359
2025,4.482,Gajano power station,power,electricity-generation,89648.0,74.7,-3.7509,43.422
2025,4.253,Castellón power station,power,electricity-generation,970250.0,1650.0,-0.001,39.9592
2025,4.045,Plana del Vent power station,power,electricity-generation,1966300.0,834.1,0.8692,40.9596
2025,4.024,Aceca 3 power station,power,electricity-generation,1956700.0,759.0,-3.8553,39.9434
2025,4.0,Ca's Tresorer power station,power,electricity-generation,788310.0,462.8,2.6895,39.5672
2025,3.914,Son Reus power station,power,electricity-generation,769100.0,451.0,2.6808,39.6483
2025,3.8307,Castejón power station,power,electricity-generation,1862010.0,1222.2,-1.6773,42.1718
2025,3.4713,Escombreras Iberdrola power station,power,electricity-generation,844387.3,800.0,-0.9513,37.5647
2025,3.224,San Roque Refinery power station,power,electricity-generation,320290.0,164.7,-5.3881,36.1888
2025,3.186,Torrelavega power station,power,electricity-generation,82973.0,37.0,-4.0588,43.3608
2025,2.8136,Puerto De Barcelona power station,power,electricity-generation,1368110.0,866.2,2.1594,41.3366
2025,2.4148,San Roque 1 power station,power,electricity-generation,1174668.0,792.0,-5.4136,36.1956
2025,2.303,Escatron Peaker A.I.E. power station,power,electricity-generation,465250.0,276.0,-0.2176,41.2809
2025,2.16,Sabón 3 power station,power,electricity-generation,1050050.0,391.0,-8.503,43.329
2025,1.8576,Arrubal power station,power,electricity-generation,904220.0,784.6,-2.2511,42.4194
2025,1.486,SAICA Mill Zaragoza power station,power,electricity-generation,210220.0,108.1,-0.8704,41.6734
2025,1.441204,Málaga power station,power,electricity-generation,700694.9,416.0,-4.5631,36.7495
2025,1.3367,El Fangal power station,power,electricity-generation,649840.0,1199.0,-0.9458,37.5709
2025,1.0343,Tarragona power station,power,electricity-generation,257770.0,410.0,1.1805,41.1102
2025,1.0283,Cartagena Refinery power station,power,electricity-generation,174960.0,95.9,-1.0999,37.7043
2025,0.8306,NUFRI,power,electricity-generation,63162.0,32.48,0.9,41.6333
2025,0.8158,Castelnou power station,power,electricity-generation,188671.0,773.0,-0.2928,41.2167
2025,0.6272,Fuenlabrada Mill power station,power,electricity-generation,105567.0,57.54,-3.7706,40.269
2025,0.6272,Neumaticos Michelin Vitoria power station,power,electricity-generation,104541.0,56.68,-2.6717,42.8667
2025,0.6164,Tortosa Energia power station,power,electricity-generation,75687.0,41.6,0.5389,40.7702
2025,0.5883,Repsol Cartagena Refinery power station,power,electricity-generation,163920.0,86.74,-0.9189,37.5728
2025,0.5882,Rossello Mill power station,power,electricity-generation,44728.0,23.0,0.595,41.6942
2025,0.56127,Santurce power station,power,electricity-generation,272825.0,396.0,-3.0539,43.34
2025,0.5499,Zaragoza Mill power station,power,electricity-generation,83620.0,43.0,-0.8247,41.6929
2025,0.5371,Solvay Torrelavega power station,power,electricity-generation,97280.0,55.0,-4.0447,43.3766
2025,0.5346,Duenas Mill power station,power,electricity-generation,95159.0,53.36,-4.5601,41.8395
2025,0.5256,Barcelona Cartonboard power station,power,electricity-generation,91927.0,51.1,1.9557,41.4642
2025,0.5114,Michelin Valladolid power station,power,electricity-generation,84990.0,46.0,-4.7161,41.6753
2025,0.5088,Motril Mill power station,power,electricity-generation,88651.0,49.18,-3.5424,36.7316
2025,0.4858,Cotesa power station,power,electricity-generation,73897.0,38.0,-16.2781,28.454
2025,0.4858,Genfibre cogeneration power station,power,electricity-generation,85899.0,48.0,-2.927,42.681
2025,0.4176,ADS JUNEDA 2,power,electricity-generation,31761.0,16.33,0.8245,41.5485
2025,0.3786,AGREDA,power,electricity-generation,28783.0,14.8,-1.9224,41.8559
2025,0.3736,GENSABON,power,electricity-generation,28392.0,14.6,-8.5075,43.3048
2025,0.3581,GEMASA power station,power,electricity-generation,54451.0,28.0,-6.9039,37.1841
2025,0.3581,Pobla De Claramunt power station,power,electricity-generation,61172.0,33.6,1.6855,41.5519
2025,0.3581,Michelin Aranda power station,power,electricity-generation,56011.0,29.3,-3.71,41.6629
2025,0.3197,Sant Joan Mill power station,power,electricity-generation,48618.0,25.0,2.5162,42.2161
2025,0.3197,Martorell Seat power station,power,electricity-generation,48618.0,25.0,1.9013,41.4961
2025,0.3197,Bioetanol Galicia power station,power,electricity-generation,48618.0,25.0,-8.0233,43.1562
2025,0.3068,Navia (Prat) power station,power,electricity-generation,46674.0,24.0,-6.6944,43.5054
2025,0.2814,Ecocarburantes Españoles power station,power,electricity-generation,42783.0,22.0,-0.9233,37.5805
2025,0.275,FERTIMOLINA,power,electricity-generation,20906.0,10.75,-1.8876,40.8436
2025,0.2493,Álabe Villarrubia power station,power,electricity-generation,45542.0,25.85,-3.369,39.9856
2025,0.2478,Losan Pina power station,power,electricity-generation,42481.0,23.38,-2.0403,39.9952
2025,0.2442,Cella Factory power station,power,electricity-generation,43985.0,24.8,-1.248,40.4568
2025,0.1917,Enercrisa power station,power,electricity-generation,36816.0,21.37,-3.1508,42.4838
2025,0.1739,OLEXTRA,power,electricity-generation,31212.0,17.57,1.3135,42.069
2025,0.1694,Figuruelas power station,power,electricity-generation,34988.0,20.94,-1.1802,41.752
2025,0.1681,COTASA,power,electricity-generation,25556.0,13.14,-0.2,40.0667
2025,0.1356,COLORTEX,power,electricity-generation,24213.0,13.6,-0.6167,38.8167
2025,0.12611,Peninsular de Cogeneracion Mill power station,power,electricity-generation,105014.0,54.0,-3.7681,40.2709
2025,0.11664,Hernani Mill power station,power,electricity-generation,97235.0,50.0,-1.9678,43.2584
2025,0.11196,Castellon Refinery power station,power,electricity-generation,93346.0,48.0,-0.0016,39.9591
2025,0.104,Cristobal Colón power station,power,electricity-generation,50530.0,391.0,-6.943,37.2156
2026,87.8,Ence Huelva power station,power,electricity-generation,71390.0,167.5,-6.8615,37.3073
2026,75.1,Curtis-Teixeiro power station,power,electricity-generation,50680.0,100.0,-8.011,43.1577
2026,53.4,Ence Navia power station,power,electricity-generation,39030.0,77.0,-6.7247,43.5266
2026,39.6,Zabalgarbi power station,power,electricity-generation,35810.0,96.0,-2.9699,43.2509
2026,34.7,Ence Puertollano power station,power,electricity-generation,25340.0,50.0,-3.9883,38.6559
2026,34.7,Cubillos del Sil power station,power,electricity-generation,25340.0,50.0,-6.5685,42.6235
2026,34.7,Sogama power station,power,electricity-generation,29200.0,71.72,-8.4402,43.1703
2026,26.3,Son Reus incineration power station,power,electricity-generation,38590.0,72.94,2.6824,39.6443
2026,24.1,ENCE - PONTEVEDRA $$,power,electricity-generation,18170.0,40.47,-8.6667,42.4167
2026,15.6,TERMOSOLAR BORGES,power,electricity-generation,11400.0,22.5,0.8095,41.5334
2026,11.1,ENEMANSA,power,electricity-generation,8099.0,15.98,-3.4233,39.2379
2026,8.7,VETEJAR,power,electricity-generation,6361.0,12.55,0.7956,42.702
2026,7.62,Besós 5 power station,power,electricity-generation,278800.0,1952.0,2.2286,41.4185
2026,7.3,Barranco de Tirajana power station,power,electricity-generation,73930.0,675.0,-15.4379,27.8042
2026,6.72,Granadilla power station,power,electricity-generation,93750.0,717.0,-16.4934,28.0848
2026,5.39,Punta Grande power station,power,electricity-generation,28860.0,263.5,-13.5167,28.9794
2026,4.53,Mahon power station,power,electricity-generation,24250.0,221.4,4.2586,39.8969
2026,4.31,Jinamar power station,power,electricity-generation,23600.0,215.45,-15.4114,28.0424
2026,4.23,Smurfit Mengíbar power station,power,electricity-generation,7364.0,31.84,-3.7934,37.9812
2026,4.11,Candelaria power plant,power,electricity-generation,29460.0,245.7,-16.3575,28.3814
2026,4.04,Las Salinas power station,power,electricity-generation,21650.0,197.68,-13.8452,28.5042
2026,3.84,Vila Ibiza power station,power,electricity-generation,41210.0,298.7,1.43,38.9189
2026,3.58,Alcúdia power station,power,electricity-generation,61420.0,335.0,3.0914,39.8107
2026,2.89,Ceuta power station,power,electricity-generation,15490.0,141.4,-5.2895,35.9026
2026,2.83,Aboño power station,power,electricity-generation,73680.0,360.0,-5.7219,43.5536
2026,2.14,Soto de Ribera power station,power,electricity-generation,194000.0,1204.0,-5.874,43.3117
2026,2.11,Los Guinchos power station,power,electricity-generation,11290.0,103.04,-17.768,28.6651
2026,2.11,Losan Talosa power station,power,electricity-generation,5808.0,28.5,-2.5115,41.7831
2026,1.63,Melilla power station,power,electricity-generation,8753.0,79.92,-2.9379,35.2904
2026,1.33,El Morell power station,power,electricity-generation,7119.0,65.0,1.2253,41.1936
2026,1.11,Refineria La Rabida power station,power,electricity-generation,19770.0,134.0,-6.8939,37.1815
2026,1.02,Arona power station,power,electricity-generation,5476.0,50.0,-16.6429,28.0497
2026,1.02,ARONA 1  GAS 1,power,electricity-generation,5476.0,50.0,-16.681,28.0996
2026,1.02,Guía de Isora power station,power,electricity-generation,5476.0,50.0,-16.8038,28.2225
2026,0.959,Puertollano (Repsol) power station,power,electricity-generation,18080.0,121.0,-4.0572,38.6759
2026,0.859,Tarragona Refinery power station,power,electricity-generation,9200.0,84.0,1.224,41.1765
2026,0.841,Escombreras Iberdrola power station,power,electricity-generation,204700.0,800.0,-0.9513,37.5647
2026,0.746,As Pontes power station,power,electricity-generation,169000.0,770.0,-7.863,43.441
2026,0.717,Escatrón 3 power station,power,electricity-generation,164500.0,800.0,-0.3365,41.2973
2026,0.665,Arcos de la Frontera power station,power,electricity-generation,210700.0,1575.4,-5.8164,36.6721
2026,0.626,Bahia de Algeciras power station,power,electricity-generation,135500.0,740.0,-5.3905,36.1829
2026,0.58,Bahía de Bizkaia power station,power,electricity-generation,136900.0,788.0,-3.0921,43.359
2026,0.548,BOINERSA,power,electricity-generation,2932.0,26.78,-8.9,42.65
2026,0.519,FORESTAL DEL ATLANTICO,power,electricity-generation,2782.0,25.4,-8.2366,43.4621
2026,0.511,FINSA-SANTIAGO,power,electricity-generation,2738.0,25.0,-8.5457,42.8805
2026,0.507,Campo de Gibraltar power station,power,electricity-generation,246500.0,780.5,-5.3933,36.1834
2026,0.468,Castejón power station,power,electricity-generation,227600.0,1222.2,-1.6773,42.1718
2026,0.463,La Coruna Refinery power station,power,electricity-generation,11390.0,80.7,-8.4553,43.3462
2026,0.409,Gajano power station,power,electricity-generation,8181.0,74.7,-3.7509,43.422
2026,0.395,Plana del Vent power station,power,electricity-generation,192100.0,834.1,0.8692,40.9596
2026,0.379,El Fangal power station,power,electricity-generation,184200.0,1199.0,-0.9458,37.5709
2026,0.365,Ca's Tresorer power station,power,electricity-generation,71940.0,462.8,2.6895,39.5672
2026,0.357,Son Reus power station,power,electricity-generation,70190.0,451.0,2.6808,39.6483
2026,0.354,Palos power station,power,electricity-generation,172100.0,1166.8,-6.8842,37.1843
2026,0.349,Cartagena (Escombreras) power station,power,electricity-generation,169700.0,1248.7,-0.9384,37.5727
2026,0.341,Sagunto power station,power,electricity-generation,165900.0,1232.1,-0.2332,39.6425
2026,0.337,Castellón power station,power,electricity-generation,76840.0,1650.0,-0.001,39.9592
2026,0.316,San Roque 1 power station,power,electricity-generation,153500.0,792.0,-5.4136,36.1956
2026,0.294,San Roque Refinery power station,power,electricity-generation,29230.0,164.7,-5.3881,36.1888
2026,0.291,Torrelavega power station,power,electricity-generation,7572.0,37.0,-4.0588,43.3608
2026,0.258,Aceca 3 power station,power,electricity-generation,125600.0,759.0,-3.8553,39.9434
2026,0.211,Puerto De Barcelona power station,power,electricity-generation,102300.0,866.2,2.1594,41.3366
2026,0.21,Escatron Peaker A.I.E. power station,power,electricity-generation,42460.0,276.0,-0.2176,41.2809
2026,0.209,Amorebieta power station,power,electricity-generation,47890.0,755.0,-2.7497,43.2347
2026,0.171,Santurce power station,power,electricity-generation,83080.0,396.0,-3.0539,43.34
2026,0.169,Tarragona power station,power,electricity-generation,42220.0,410.0,1.1805,41.1102
2026,0.149,Arrubal power station,power,electricity-generation,72560.0,784.6,-2.2511,42.4194
2026,0.136,SAICA Mill Zaragoza power station,power,electricity-generation,19180.0,108.1,-0.8704,41.6734
2026,0.132,Castelnou power station,power,electricity-generation,30550.0,773.0,-0.2928,41.2167
2026,0.0938,Cartagena Refinery power station,power,electricity-generation,15970.0,95.9,-1.0999,37.7043
2026,0.0758,NUFRI,power,electricity-generation,5764.0,32.48,0.9,41.6333
2026,0.0669,Sabón 3 power station,power,electricity-generation,32540.0,391.0,-8.503,43.329
2026,0.0601,Cristobal Colón power station,power,electricity-generation,29230.0,391.0,-6.943,37.2156
2026,0.0572,Neumaticos Michelin Vitoria power station,power,electricity-generation,9540.0,56.68,-2.6717,42.8667
2026,0.0572,Fuenlabrada Mill power station,power,electricity-generation,9634.0,57.54,-3.7706,40.269
2026,0.0563,Tortosa Energia power station,power,electricity-generation,6907.0,41.6,0.5389,40.7702
2026,0.0537,Rossello Mill power station,power,electricity-generation,4082.0,23.0,0.595,41.6942
2026,0.0537,Repsol Cartagena Refinery power station,power,electricity-generation,14960.0,86.74,-0.9189,37.5728
2026,0.0502,Zaragoza Mill power station,power,electricity-generation,7631.0,43.0,-0.8247,41.6929
2026,0.049,Solvay Torrelavega power station,power,electricity-generation,8878.0,55.0,-4.0447,43.3766
2026,0.0488,Duenas Mill power station,power,electricity-generation,8684.0,53.36,-4.5601,41.8395
2026,0.048,Barcelona Cartonboard power station,power,electricity-generation,8389.0,51.1,1.9557,41.4642
2026,0.0467,Michelin Valladolid power station,power,electricity-generation,7756.0,46.0,-4.7161,41.6753
2026,0.0464,Motril Mill power station,power,electricity-generation,8090.0,49.18,-3.5424,36.7316
2026,0.0443,Genfibre cogeneration power station,power,electricity-generation,7839.0,48.0,-2.927,42.681
2026,0.0443,Cotesa power station,power,electricity-generation,6744.0,38.0,-16.2781,28.454
2026,0.0381,ADS JUNEDA 2,power,electricity-generation,2898.0,16.33,0.8245,41.5485
2026,0.0345,AGREDA,power,electricity-generation,2627.0,14.8,-1.9224,41.8559
2026,0.0341,GENSABON,power,electricity-generation,2591.0,14.6,-8.5075,43.3048
2026,0.0327,GEMASA power station,power,electricity-generation,4969.0,28.0,-6.9039,37.1841
2026,0.0327,Michelin Aranda power station,power,electricity-generation,5112.0,29.3,-3.71,41.6629
2026,0.0327,Pobla De Claramunt power station,power,electricity-generation,5583.0,33.6,1.6855,41.5519
2026,0.0292,Martorell Seat power station,power,electricity-generation,4437.0,25.0,1.9013,41.4961
2026,0.0292,Sant Joan Mill power station,power,electricity-generation,4437.0,25.0,2.5162,42.2161
2026,0.0292,Bioetanol Galicia power station,power,electricity-generation,4437.0,25.0,-8.0233,43.1562
2026,0.028,Navia (Prat) power station,power,electricity-generation,4259.0,24.0,-6.6944,43.5054
2026,0.0257,Ecocarburantes Españoles power station,power,electricity-generation,3904.0,22.0,-0.9233,37.5805
2026,0.0251,FERTIMOLINA,power,electricity-generation,1908.0,10.75,-1.8876,40.8436
2026,0.0228,Álabe Villarrubia power station,power,electricity-generation,4156.0,25.85,-3.369,39.9856
2026,0.0226,Losan Pina power station,power,electricity-generation,3877.0,23.38,-2.0403,39.9952
2026,0.0223,Cella Factory power station,power,electricity-generation,4014.0,24.8,-1.248,40.4568
2026,0.0175,Enercrisa power station,power,electricity-generation,3360.0,21.37,-3.1508,42.4838
2026,0.0159,OLEXTRA,power,electricity-generation,2848.0,17.57,1.3135,42.069
2026,0.0155,Figuruelas power station,power,electricity-generation,3193.0,20.94,-1.1802,41.752
2026,0.0153,COTASA,power,electricity-generation,2332.0,13.14,-0.2,40.0667
2026,0.0124,COLORTEX,power,electricity-generation,2210.0,13.6,-0.6167,38.8167
2026,0.0115,Peninsular de Cogeneracion Mill power station,power,electricity-generation,9584.0,54.0,-3.7681,40.2709
2026,0.0106,Hernani Mill power station,power,electricity-generation,8874.0,50.0,-1.9678,43.2584
2026,0.0102,Castellon Refinery power station,power,electricity-generation,8519.0,48.0,-0.0016,39.9591
2026,0.00116,Málaga power station,power,electricity-generation,565.3,416.0,-4.5631,36.7495
2024,6263.206179,puerto de Algericas,transportation,international-shipping,5838500.841,26942.0,-5.436031,36.133218
2024,5179.820037,Valencia,transportation,international-shipping,4034608.581,4699.0,-0.318051,39.447076
2024,3572.738148,Barcelona,transportation,international-shipping,4092043.88,7314.0,2.162426,41.341345
2024,3328.294035,Las Palmas,transportation,international-shipping,6479583.11,5128.0,-15.412818678520761,28.135008336140746
2024,1633.502138,Tarragona,transportation,international-shipping,2949180.367,2908.0,1.220241,41.100184
2024,1456.96553,Barcelona,transportation,domestic-shipping,1496428.254,84775.0,2.162426,41.341345
2024,1411.230955,Santurce,transportation,international-shipping,2620021.019,3794.0,-3.045449,43.345186
2024,1286.417883,Cerro le La Campa Cartagena,transportation,international-shipping,2191414.705,2205.0,-0.962364,37.568816
2024,1252.297139,Las Palmas,transportation,domestic-shipping,2010116.824,55247.0,-15.412818678520761,28.135008336140746
2024,1100.359312,Valencia,transportation,domestic-shipping,1087283.945,50089.0,-0.318051,39.447076
2024,852.1994524,Vigo,transportation,international-shipping,1218483.92,2591.0,-8.731398,42.239748
2024,759.4746277,Huelva,transportation,international-shipping,1789542.568,2707.0,-6.929750509775859,37.19103344063563
2024,750.8068069,Palma,transportation,domestic-shipping,776335.3195,30750.0,2.6352803775815743,39.56132037316736
2024,738.32564,Adolfo Suárez MadridBarajas Airport,transportation,international-aviation,2337214.229,267587.0,-3.56264,40.471926
2024,679.5723168,Tenerife,transportation,international-shipping,774817.3653,1158.0,-16.228599,28.486438
2024,675.2334708,Tenerife,transportation,domestic-shipping,1128553.488,40631.0,-16.228599,28.486438
2024,632.8022938,puerto de Algericas,transportation,domestic-shipping,888501.6737,77197.0,-5.436031,36.133218
2024,583.0794488,Cadiz,transportation,domestic-shipping,528968.8969,8294.0,-6.282388232161369,36.53474103561715
2024,537.356825,Ceuta,transportation,international-shipping,2122495.429,3656.0,-5.311999,35.893569
2024,527.8078303,Port de Sagunt,transportation,international-shipping,1246670.545,1303.0,-0.214159,39.642187
2024,524.2592843,Santander,transportation,international-shipping,1075117.714,2227.0,-3.8193929192501033,43.446970091055775
2024,492.8781764,Malaga,transportation,international-shipping,532864.7251,1097.0,-4.417914,36.713063
2024,446.9068258,Gijon,transportation,international-shipping,1065998.955,1721.0,-5.690267,43.560191
2024,422.4948571,Ibiza,transportation,domestic-shipping,633952.0266,48606.0,1.448564,38.906425
2024,417.3199579,Grao de Castellon,transportation,international-shipping,961398.8728,1242.0,0.013483,39.962474
2024,399.8556707,Guadarranque,transportation,international-shipping,749770.3764,895.0,-5.401886,36.177855
2024,380.5899108,Malaga,transportation,domestic-shipping,321213.4939,10433.0,-4.417914,36.713063
2024,378.9722142,Santurce,transportation,domestic-shipping,527248.5659,11909.0,-3.045449,43.345186
2024,375.3432196,Madrid Province,transportation,road-transportation,34242786906.0,31483.08793,-3.76884780075516,40.522186280000106
2024,372.5384407,Huelva,transportation,domestic-shipping,673724.6425,21310.0,-6.929750509775859,37.19103344063563
2024,362.5981891,Tarragona,transportation,domestic-shipping,562811.7364,22518.0,1.220241,41.100184
2024,355.291006,Palma,transportation,international-shipping,472493.4648,1797.0,2.6352803775815743,39.56132037316736
2024,341.4082436,Cadiz,transportation,international-shipping,406730.4022,822.0,-6.282388232161369,36.53474103561715
2024,336.8112247,Cerro le La Campa Cartagena,transportation,domestic-shipping,596534.9922,17486.0,-0.962364,37.568816
2024,332.0392783,Josep Tarradellas Barcelona-El Prat Airport,transportation,international-aviation,1051090.31,239725.0,2.07846,41.2971
2024,331.3828711,Arrecife,transportation,domestic-shipping,397880.4027,10443.0,-13.534422,28.956938
2024,324.032378,Exterior da la Coruna,transportation,international-shipping,495903.8434,369.0,-8.51501,43.344143
2024,312.777778,A Coruna,transportation,international-shipping,775060.6501,2454.0,-8.399677,43.362569
2024,273.9775277,Barcelona Province,transportation,road-transportation,24994348689.0,34196.84079,2.0312108587995072,41.7583713535001
2024,230.111602,Aviles,transportation,international-shipping,705763.6492,1005.0,-5.925238,43.580208
2024,217.3916359,Alicante,transportation,domestic-shipping,342218.933,15099.0,-0.494029,38.333963
2024,196.3208368,Vigo,transportation,domestic-shipping,345730.4242,9642.0,-8.731398,42.239748
2024,193.5093457,A Coruna,transportation,domestic-shipping,885248.6189,24041.0,-8.399677,43.362569
2024,191.2621107,Puerto De Santa Cruz De La Palma,transportation,domestic-shipping,187742.5807,6728.0,-17.766154,28.673084
2024,187.8652084,Valencia Province,transportation,road-transportation,17139426204.0,34316.46395,-0.7972164061750873,39.33421308850009
2024,181.5847042,Ceuta,transportation,domestic-shipping,378290.3491,28121.0,-5.311999,35.893569
2024,180.1802238,Murcia Province,transportation,road-transportation,16438303400.0,33874.78173,-1.671337066439492,38.062816619500126
2024,179.7894728,Garrucha,transportation,international-shipping,365177.1738,391.0,-1.817357,37.182752
2024,158.8110881,Guadarranque,transportation,domestic-shipping,180093.3696,4215.0,-5.401886,36.177855
2024,158.0879752,Alicante Province,transportation,road-transportation,14422445704.0,30500.24366,-0.7490538943273265,38.36546350150013
2024,156.6258781,Alicante,transportation,international-shipping,202789.787,628.0,-0.494029,38.333963
2024,148.8015041,Almeria,transportation,international-shipping,284892.4851,2277.0,-2.472758,36.83248
2024,147.371459,Puerto Del Rosario,transportation,domestic-shipping,126459.2163,5746.0,-13.856661,28.495272
2024,143.9094531,Pasajes,transportation,international-shipping,622519.4745,1491.0,-1.950032,43.324605
2024,135.7208903,A Coruña Province,transportation,road-transportation,12381711054.0,44947.51208,-8.580651201226326,43.15250000000012
2024,134.929471,Denia,transportation,domestic-shipping,327471.8014,22604.0,0.116179,38.84117
2024,134.8608698,Málaga-Costa del Sol Airport,transportation,international-aviation,426910.1964,124099.0,-4.49911,36.6749
2024,134.4808714,Port de Sagunt,transportation,domestic-shipping,210794.4683,4869.0,-0.214159,39.642187
2024,127.7117749,Seville,transportation,domestic-shipping,212934.4869,3641.0,-6.005184,37.341761
2024,127.4764781,Sevilla Province,transportation,road-transportation,11629304000.0,22648.66011,-5.650463713465193,37.51887356600005
2024,127.2025814,Seville,transportation,international-shipping,479568.3591,771.0,-6.005184,37.341761
2024,123.2595859,Almeria,transportation,domestic-shipping,319501.4564,18836.0,-2.472758,36.83248
2024,123.1990338,Ferrol,transportation,domestic-shipping,28216.34393,766.0,-8.230291,43.483444
2024,121.7812253,Melilla,transportation,domestic-shipping,124991.8649,4280.0,-2.932897,35.285859
2024,121.269841,Palma de Mallorca Airport,transportation,international-aviation,383886.9771,144506.0,2.73881,39.551701
2024,118.0953522,Tenerife Sur Airport,transportation,international-aviation,373837.9418,69288.0,-16.5725,28.0445
2024,117.815201,Pontevedra Province,transportation,road-transportation,10747901966.0,30588.39591,-8.534215909656234,42.36472299950012
2024,115.3395798,Málaga Province,transportation,road-transportation,10522127361.0,21209.11033,-4.545060535891765,36.7924575805001
2024,112.8011338,Motril,transportation,international-shipping,288237.4024,1202.0,-3.519124,36.734181
2024,111.1433619,Puerto De Playa De Fanabe,transportation,domestic-shipping,249865.4562,26952.0,-16.726233,28.062943
2024,109.6754886,Toledo Province,transportation,road-transportation,10005685637.0,22000.55373,-4.103428607533116,39.7881469725001
2024,108.2135174,Cartagena,transportation,international-shipping,176964.1501,363.0,-0.984283,37.598198
2024,108.0960157,Gijon,transportation,domestic-shipping,567187.8957,16541.0,-5.690267,43.560191
2024,104.2222697,Asturias Province,transportation,road-transportation,9508228622.0,33477.13501,-5.85352989556379,43.273590087500025
2024,99.05514808,Ibiza,transportation,international-shipping,79751.57508,410.0,1.448564,38.906425
2024,98.85435805,Zaragoza Province,transportation,road-transportation,9017853294.0,19162.7683,-1.1697709965256755,41.83966064500015
2024,95.93535235,Marin,transportation,international-shipping,260780.3476,379.0,-8.697616,42.399379
2024,95.71188963,Grao de Castellon,transportation,domestic-shipping,267251.6993,8993.0,0.013483,39.962474
2024,92.87020784,Santander,transportation,domestic-shipping,418135.0808,13443.0,-3.8193929192501033,43.446970091055775
2024,91.34661879,Puerto De San Sebastian De La Gomera,transportation,domestic-shipping,124214.3803,13153.0,-17.106584,28.088049
2024,89.19474333,Lugo Province,transportation,road-transportation,8136951012.0,40164.24461,-7.456360995692844,43.039630890000126
2024,89.09884721,Alicante-Elche Miguel Hernández Airport,transportation,international-aviation,282047.7608,93803.0,-0.558156,38.2822
2024,88.20548415,Alcudia,transportation,domestic-shipping,174690.4334,14939.0,3.138051,39.835063
2024,87.38563242,Rota,transportation,domestic-shipping,426935.8397,17018.0,-6.334299,36.618066
2024,86.19558075,Granada Province,transportation,road-transportation,7863405488.0,21097.0235,-3.238942254923356,37.38922691350009
2024,84.64412401,Ferrol,transportation,international-shipping,206078.3755,336.0,-8.230291,43.483444
2024,83.55328954,Mahon,transportation,domestic-shipping,271110.1274,21486.0,4.269941,39.89012
2024,82.24694197,Rota,transportation,international-shipping,205336.4752,782.0,-6.334299,36.618066
2024,80.79818253,Cádiz Province,transportation,road-transportation,7370904750.0,16716.29178,-5.900672801085365,36.526109695500054
2024,79.96433204,Arrecife,transportation,international-shipping,136962.7509,423.0,-13.534422,28.956938
2024,78.26145386,León Province,transportation,road-transportation,7139972102.0,21986.38131,-5.971272670301904,42.63412094150013
2024,77.54786234,San Cibrao,transportation,international-shipping,204579.5699,275.0,-7.449967,43.700411
2024,75.74196894,Motril,transportation,domestic-shipping,217720.3027,14290.0,-3.519124,36.734181
2024,74.89250687,Tarragona Province,transportation,road-transportation,6832109924.0,18006.44287,0.6258435927443824,41.052778243500114
2024,74.56773092,Cartagena,transportation,domestic-shipping,68201.22232,1898.0,-0.984283,37.598198
2024,74.10754826,Gran Canaria Airport,transportation,international-aviation,234591.9022,45031.0,-15.3866,27.9319
2024,73.41073495,Baleares Province,transportation,road-transportation,6697083890.0,19989.18426,2.8798615590000907,39.61305452000008
2024,71.98841628,Porto De Villagarcia,transportation,international-shipping,208608.3959,372.0,-8.774164,42.598047
2024,71.0474206,Morro Del Jable Harbor,transportation,domestic-shipping,103363.5222,8530.0,-14.36169,28.049355
2024,70.8661681,Burgos Province,transportation,road-transportation,6464793256.0,18703.79381,-3.677223011986082,42.32509040800004
2024,69.60581612,Navarra Province,transportation,road-transportation,6349738278.0,15993.38958,-1.8393284876650535,42.61185067150011
2024,68.79035254,Cantabria Province,transportation,road-transportation,6275721499.0,17009.78447,-4.263470109485208,43.13639831550009
2024,68.44956192,Las Palmas Province,transportation,road-transportation,6244199716.0,12829.15372,-15.605971858999936,27.958055496500094
2024,67.93138344,Badajoz Province,transportation,road-transportation,6197412302.0,22917.9995,-6.221068240773418,38.69645881650007
2024,66.30957967,Cuenca Province,transportation,road-transportation,6049267302.0,16243.53735,-2.1531717786788542,39.94250488300011
2024,66.10136159,Girona Province,transportation,road-transportation,6030386102.0,16818.01529,2.8369904067666276,42.0729329640001
2024,66.03056003,Ourense Province,transportation,road-transportation,6023873618.0,24726.75837,-7.53721936116848,42.19283866850006
2024,64.92210268,Almería Province,transportation,road-transportation,5922739165.0,17216.83065,-2.188809025562483,37.29833412250005
2024,64.76037423,Ciudad Real Province,transportation,road-transportation,5908001783.0,18375.0274,-3.883169471189615,38.958520889000056
2024,64.49313768,Santa Cruz de Tenerife Province,transportation,road-transportation,5883512701.0,13841.88158,-16.621805191499902,28.293333053500156
2024,63.26840299,La Savina,transportation,domestic-shipping,379321.6547,34439.0,1.416967,38.731797
2024,62.40849445,Córdoba Province,transportation,road-transportation,5693156309.0,19265.9806,-4.846699292215064,37.95584106400014
2024,61.58135687,Cáceres Province,transportation,road-transportation,5618233704.0,19356.22148,-6.13814599789866,39.75937461800007
2024,61.46474919,Castellón Province,transportation,road-transportation,5607349598.0,15267.95049,-0.06104967888676971,40.252437592500165
2024,61.07703017,Puerto De Santa Cruz De La Palma,transportation,international-shipping,158596.6172,355.0,-17.766154,28.673084
2024,60.76181268,Santa Pola,transportation,domestic-shipping,798634.6759,37276.0,-0.559995,38.189992
2024,60.04117169,Albacete Province,transportation,road-transportation,5477588511.0,17667.15209,-1.9549596399683145,38.72314643850012
2024,59.92760168,Valladolid Province,transportation,road-transportation,5467141991.0,11602.92482,-4.697193412703777,41.704347369500084
2024,58.65626541,Porto Ferrol,transportation,international-shipping,178554.9537,425.0,-8.327598,43.461215
2024,58.3270617,Exterior da la Coruna,transportation,domestic-shipping,61152.3241,2591.0,-8.51501,43.344143
2024,57.95006012,Lleida Province,transportation,road-transportation,5286557903.0,18680.87651,1.1801861433147387,42.06923350000008
2024,56.71295225,Salamanca Province,transportation,road-transportation,5173737498.0,15647.04823,-6.021433992788122,40.766546249500095
2024,56.69643088,Vizcaya Province,transportation,road-transportation,5172283331.0,8197.870705,-2.852004148292613,43.238744736000086
2024,55.09471509,Aviles,transportation,domestic-shipping,513272.7746,10472.0,-5.925238,43.580208
2024,54.51059351,Litoral de Almeria power Station Coal Terminal,transportation,international-shipping,129346.8465,143.0,-1.897862,36.976527
2024,52.62827243,Jaén Province,transportation,road-transportation,4801238952.0,17567.36615,-3.4928591505760718,37.955600739500085
2024,52.2066935,César Manrique-Lanzarote Airport,transportation,international-aviation,165263.4289,33946.0,-13.6052,28.945499
2024,51.09838932,Huesca Province,transportation,road-transportation,4661636978.0,15825.75651,-0.028993948674146175,42.13632948600005
2024,46.09909626,Zamora Province,transportation,road-transportation,4205579504.0,13224.80319,-5.942875961149477,41.68618202250005
2024,44.57859942,Guadalajara Province,transportation,road-transportation,4066471275.0,14294.59948,-2.505668652764934,40.74032974300007
2024,44.34972899,Huelva Province,transportation,road-transportation,4045684393.0,10370.18969,-6.92319106409883,37.502590179000066
2024,43.10608515,Guipúzcoa Province,transportation,road-transportation,3932239810.0,8830.173759,-2.2041852145083523,43.14480590900007
2024,42.7705856,Teruel Province,transportation,road-transportation,3901850904.0,13758.47226,-0.9226891465859627,40.60135078450011
2024,40.94831607,La Rioja Province,transportation,road-transportation,3735650641.0,7554.453957,-2.482983307397377,42.284181595500115
2024,40.47502815,Rosas,transportation,domestic-shipping,267772.9242,24057.0,3.180132,42.261537
2024,39.43974496,Valencia Airport,transportation,international-aviation,124848.8853,50413.0,-0.481625,39.4893
2024,39.17598661,El Toro,transportation,domestic-shipping,200086.0772,11380.0,2.472495,39.498992
2024,39.12496033,Fuerteventura Airport,transportation,international-aviation,123852.4156,24076.0,-13.8638,28.4527
2024,38.61202178,Palencia Province,transportation,road-transportation,3522450575.0,9462.29376,-4.621076910685504,42.40712547300009
2024,37.6962938,Benalmadena,transportation,domestic-shipping,116414.954,15793.0,-4.510995,36.593993
2024,37.16488267,Ávila Province,transportation,road-transportation,3390361652.0,10037.11575,-4.834634274315016,40.62453271400011
2024,37.14485418,Vilanova I La Geltru,transportation,domestic-shipping,188480.3956,20128.0,1.732495,41.222337
2024,36.46899963,Puerto Rico Harbor,transportation,domestic-shipping,111065.1028,6375.0,-15.669272,27.759736
2024,36.24741045,Segovia Province,transportation,road-transportation,3306689803.0,10701.66094,-4.182494348737591,41.10898399350009
2024,34.73602584,Cangas,transportation,domestic-shipping,583557.5109,8676.0,-8.784995,42.256995
2024,32.79118136,St Antoni De Portmany,transportation,domestic-shipping,227567.1829,14682.0,1.297995,38.975992
2024,32.59067788,Pasajes,transportation,domestic-shipping,207848.5513,9549.0,-1.950032,43.324605
2024,32.50224781,Sotogrande,transportation,domestic-shipping,72765.01687,9495.0,-5.276105,36.288295
2024,31.78940658,Puerto De Palamos,transportation,international-shipping,69040.20966,484.0,3.14877,41.850578
2024,31.40965981,Álava Province,transportation,road-transportation,2865300916.0,6538.816825,-2.6820993654164864,42.84442329350017
2024,29.59062849,Tarifa Roro Ferry,transportation,international-shipping,77331.31317,7958.0,-5.603544,36.009428
2024,29.47327415,Soria Province,transportation,road-transportation,2688599139.0,10310.54832,-2.7217771840309224,41.60160064700011
2024,29.47240388,Rande,transportation,international-shipping,40671.4219,24.0,-8.663494,42.289442
2024,29.29820717,Puerto De La Estaca,transportation,domestic-shipping,33846.9476,1930.0,-17.901938,27.784161
2024,28.32492584,Torrevieja,transportation,domestic-shipping,243439.1064,11076.0,-0.684856,37.968621
2024,28.31893863,Baiona,transportation,domestic-shipping,320027.617,15890.0,-8.843995,42.120995
2024,28.31675786,Ciutadella De Menorca,transportation,domestic-shipping,192859.0161,17112.0,3.826995,39.989992
2024,28.3128762,Alcanar Cement Plant,transportation,domestic-shipping,367175.5448,26923.0,0.550677,40.573292
2024,27.68220292,Porto Ferrol,transportation,domestic-shipping,104080.189,4017.0,-8.327598,43.461215
2024,27.00626344,Ibiza Airport,transportation,international-aviation,85489.95157,33556.0,1.37312,38.872898
2024,26.71828122,Ginesta,transportation,domestic-shipping,60758.5803,5990.0,1.924435,41.258295
2024,26.64575052,"Puerto de Honduras,Santa Cruz,Tenerife",transportation,international-shipping,260007.9952,259.0,-16.263226,28.449634
2024,26.08871666,Puerto Banus,transportation,domestic-shipping,68431.33486,5896.0,-4.955074,36.48634
2024,25.71849684,Caleta Del Sebo Harbor,transportation,domestic-shipping,65488.60637,14798.0,-13.477078,29.225966
2024,25.66689307,Sevilla Airport,transportation,international-aviation,81250.09408,29519.0,-5.89311,37.417999
2024,25.21410704,Porto De Villagarcia,transportation,domestic-shipping,52763.23902,1260.0,-8.774164,42.598047
2024,25.1981759,Alcudia,transportation,international-shipping,56909.12778,306.0,3.138051,39.835063
2024,24.35055204,Puerto De Palamos,transportation,domestic-shipping,191540.9327,13821.0,3.14877,41.850578
2024,24.08146426,Puerto De Grandila,transportation,international-shipping,39664.40457,17.0,-16.491098,28.072568
2024,23.40092294,"Puerto de Honduras,Santa Cruz,Tenerife",transportation,domestic-shipping,70488.00294,1745.0,-16.263226,28.449634
2024,23.17802878,Alcanar Cement Plant,transportation,international-shipping,55980.03022,89.0,0.550677,40.573292
2024,22.06152223,Los Cuarteros,transportation,domestic-shipping,164785.3977,13645.0,-0.750995,37.821993
2024,21.79978694,Almerimar,transportation,domestic-shipping,107918.9364,4663.0,-2.792115,36.696996
2024,21.53555981,Mugardos,transportation,international-shipping,127441.4668,76.0,-8.245937,43.461153
2024,21.09228782,Puerto De Playa Blanca,transportation,domestic-shipping,177717.058,16851.0,-13.824283,28.858266
2024,20.55299924,Marin,transportation,domestic-shipping,33908.35727,988.0,-8.697616,42.399379
2024,20.38507654,Rande,transportation,domestic-shipping,1086.258781,84.0,-8.663494,42.289442
2024,19.83907402,Bermeo,transportation,domestic-shipping,251827.0891,9541.0,-2.716802,43.417927
2024,19.46043469,Puerto De Grandila,transportation,domestic-shipping,6210.710562,91.0,-16.491098,28.072568
2024,19.09677939,Puerto De La Puntilla,transportation,domestic-shipping,44089.8337,2339.0,-17.332217,28.080549
2024,18.95898544,Puerto De Soller,transportation,domestic-shipping,139839.0398,12493.0,2.693051,39.795271
2024,18.84062126,Puerto Del Rosario,transportation,international-shipping,24646.01528,82.0,-13.856661,28.495272
2024,18.13104033,Zaragoza Airport,transportation,international-aviation,57394.89889,4393.0,-1.04155,41.666199
2024,17.4698619,Port D'Andratx,transportation,domestic-shipping,200898.9292,12725.0,2.387995,39.546992
2024,17.14339052,Ifach,transportation,domestic-shipping,462964.9602,12343.0,0.069863,38.638975
2024,16.69972789,Arenys de Mar,transportation,domestic-shipping,145112.7737,10710.0,2.55921,41.576895
2024,16.32086505,Cangas,transportation,international-shipping,378290.8149,849.0,-8.784995,42.256995
2024,16.2804746,Mahon,transportation,international-shipping,187510.2321,1599.0,4.269941,39.89012
2024,15.7850328,San Javier,transportation,domestic-shipping,50846.01034,8626.0,-0.743995,37.746993
2024,15.49041557,Puerto De Salinetas,transportation,domestic-shipping,34723.36895,2116.0,-15.372634,27.983048
2024,15.2570816,Puerto De La San Carlos De La Rapita,transportation,domestic-shipping,28290.98849,3475.0,0.601116,40.617306
2024,15.22741735,Gandia,transportation,international-shipping,38944.37437,59.0,-0.151523,38.997631
2024,14.88500204,Garrucha,transportation,domestic-shipping,100461.3714,7892.0,-1.817357,37.182752
2024,14.87330482,Ribadeo,transportation,international-shipping,96755.86674,246.0,-7.035133,43.534558
2024,14.86031639,Blanes,transportation,domestic-shipping,177977.9459,17019.0,2.799995,41.672992
2024,14.85579779,Estapona,transportation,domestic-shipping,85538.1376,13103.0,-5.156995,36.413995
2024,14.79110308,Sanxenxo,transportation,domestic-shipping,136174.9866,13233.0,-8.812494,42.395992
2024,14.41555369,Bilbao Airport,transportation,international-aviation,45633.30241,20877.0,-2.91061,43.301102
2024,14.3033322,Fuengirola,transportation,domestic-shipping,100682.9252,15581.0,-4.609995,36.539993
2024,14.2110453,Pollenca,transportation,domestic-shipping,104476.8083,10032.0,3.083995,39.903995
2024,14.06728953,Cambrils,transportation,domestic-shipping,100516.5909,9222.0,1.063995,41.059992
2024,13.94402613,El Planet,transportation,domestic-shipping,294824.1291,11603.0,-0.053995,38.586992
2024,13.39858031,San Jose,transportation,domestic-shipping,134685.945,17507.0,1.382558,38.839985
2024,13.3815031,Gandia,transportation,domestic-shipping,114236.1594,7793.0,-0.151523,38.997631
2024,13.09443276,El Astillero,transportation,domestic-shipping,4576.921991,142.0,-3.815674,43.401002
2024,13.01329081,Mazagon,transportation,domestic-shipping,150095.3825,4679.0,-6.830251,37.131608
2024,12.96449075,Villajoyosa,transportation,domestic-shipping,275473.5932,18284.0,-0.217772,38.507495
2024,12.2518928,Tarifa Roro Ferry,transportation,domestic-shipping,69915.93364,17642.0,-5.603544,36.009428
2024,12.13072228,Caleta De Velez,transportation,domestic-shipping,218940.1905,20654.0,-4.069995,36.746993
2024,11.80003186,Badolona,transportation,domestic-shipping,89084.03118,7494.0,2.239995,41.429992
2024,11.57935283,Corralejo Harbor,transportation,domestic-shipping,69804.88383,11065.0,-13.861356,28.741383
2024,11.25242907,El Barquito Harbor,transportation,domestic-shipping,66534.251,5568.0,-13.703327,28.916661
2024,11.22409163,l'Estartit,transportation,domestic-shipping,39263.0161,2845.0,3.204435,42.052795
2024,11.19941886,Fene,transportation,domestic-shipping,4210.37454,99.0,-8.185469,43.472709
2024,11.05024961,Playa Puebla De Farnasl,transportation,domestic-shipping,12646.64475,1723.0,-0.282995,39.561992
2024,11.0092164,Club Nautico Alicante Costa Blanca,transportation,domestic-shipping,45555.66904,3011.0,-0.438995,38.360995
2024,10.49716367,Grove,transportation,domestic-shipping,33368.37514,4641.0,-8.859995,42.496395
2024,10.46683482,Burela,transportation,domestic-shipping,638024.527,9542.0,-7.351385,43.653742
2024,10.25062758,Puerto De Las Nieves,transportation,domestic-shipping,131196.6577,13212.0,-15.711104,28.100272
2024,9.986035075,Puerto De Javea,transportation,domestic-shipping,134723.0625,10334.0,0.186188,38.797104
2024,9.790717517,Laredo,transportation,domestic-shipping,490054.6477,19575.0,-3.417995,43.416992
2024,9.581961447,Puerto De Santa Maria,transportation,domestic-shipping,10443.60295,664.0,-6.237899,36.586866
2024,9.500147389,Menorca Airport,transportation,international-aviation,30073.28807,12737.0,4.21865,39.862598
2024,9.373315765,Es Pelats,transportation,domestic-shipping,54538.56112,5081.0,3.463995,39.709995
2024,9.193533122,Colonia de Sant Jordi,transportation,domestic-shipping,100145.4805,12050.0,2.997995,39.315995
2024,9.089210468,Puerto De Las Galletas,transportation,domestic-shipping,80541.89865,6833.0,-16.635968,28.014159
2024,9.083511711,San Cibrao,transportation,domestic-shipping,45221.87218,1375.0,-7.449967,43.700411
2024,9.065395996,Puero De Tarajal,transportation,domestic-shipping,44830.55889,687.0,-17.943328,28.643883
2024,8.777582909,"Metalships and Docks Shipyard,Vigo",transportation,domestic-shipping,8605.537951,32.0,-8.689611,42.259053
2024,8.698949807,Cabo Roig,transportation,domestic-shipping,24228.34407,2049.0,-0.725995,37.911995
2024,8.614918097,Bueu,transportation,domestic-shipping,79445.76279,7547.0,-8.785275,42.328095
2024,8.596132967,Puerto De Mogan,transportation,domestic-shipping,34407.31635,4601.0,-15.764995,27.816938
2024,8.556931769,Ondarroa,transportation,domestic-shipping,380459.8186,8148.0,-2.421995,43.324992
2024,8.521393631,Garraf,transportation,domestic-shipping,24006.95462,1853.0,1.899995,41.249995
2024,8.51783899,Moraira,transportation,domestic-shipping,45435.02842,4502.0,0.136662,38.686095
2024,8.509655091,Girona-Costa Brava Airport,transportation,international-aviation,26937.82511,11889.0,2.761774,41.904639
2024,8.466326022,Santa Eularia Des Piu,transportation,domestic-shipping,145118.2321,9834.0,1.540995,38.983992
2024,8.343024845,Bonanza,transportation,domestic-shipping,516108.936,31337.0,-6.329995,36.799993
2024,8.334741291,Fene,transportation,international-shipping,13594.96636,23.0,-8.185469,43.472709
2024,8.307631124,Mataro,transportation,domestic-shipping,30440.06562,2196.0,2.445995,41.528995
2024,7.952366986,San Feliu De Guixols,transportation,domestic-shipping,68169.6071,5835.0,3.033049,41.779698
2024,7.894974226,S'Arenal,transportation,domestic-shipping,48171.91088,5674.0,2.745995,39.500992
2024,7.848595918,Hondarribia,transportation,domestic-shipping,177724.4526,9182.0,-1.79158,43.385623
2024,7.82628151,Isla Del Moral,transportation,domestic-shipping,407087.7306,26092.0,-7.339995,37.187995
2024,7.658378054,Carboneras Cement Plant,transportation,international-shipping,21751.88287,49.0,-1.89848,36.965748
2024,7.625574001,La Azohia,transportation,domestic-shipping,38759.98029,2972.0,-1.171105,37.552495
2024,7.562746168,Getaria,transportation,domestic-shipping,213365.3873,5233.0,-2.198995,43.304992
2024,7.512060567,Burriana,transportation,domestic-shipping,102442.7022,6278.0,-0.060412,39.872058
2024,7.275913077,Mazarron,transportation,domestic-shipping,113186.7148,5427.0,-1.256937,37.562771
2024,7.156957557,Barbate,transportation,domestic-shipping,105976.2218,6813.0,-5.930995,36.185993
2024,7.055288589,Orio,transportation,domestic-shipping,178147.6201,567.0,-2.127495,43.283895
2024,7.044089031,l'Escala,transportation,domestic-shipping,45988.3998,6785.0,3.147775,42.117795
2024,7.039910924,Litoral de Almeria power Station Coal Terminal,transportation,domestic-shipping,53454.91423,2852.0,-1.897862,36.976527
2024,7.020640777,El Astillero,transportation,international-shipping,13081.84229,19.0,-3.815674,43.401002
2024,7.009183141,Torrevieja,transportation,international-shipping,43875.89589,235.0,-0.684856,37.968621
2024,6.870391937,Vicedo,transportation,domestic-shipping,362346.132,3770.0,-7.675995,43.736992
2024,6.783106666,Puerto De Arinaga,transportation,international-shipping,33764.33096,96.0,-15.39941,27.845048
2024,6.768161942,Bermeo,transportation,international-shipping,53631.46641,126.0,-2.716802,43.417927
2024,6.763527968,Portocolom,transportation,domestic-shipping,69718.69506,5497.0,3.263325,39.420595
2024,6.552982325,Carboneras Cement Plant,transportation,domestic-shipping,63727.02252,3455.0,-1.89848,36.965748
2024,6.462079089,Puerto De Vinaros,transportation,domestic-shipping,113687.2908,7237.0,0.476105,40.462214
2024,6.296526465,Aguilas,transportation,domestic-shipping,83689.72537,4913.0,-1.561485,37.401574
2024,6.246967505,Baiona,transportation,international-shipping,283242.3114,1184.0,-8.843995,42.120995
2024,6.242824197,Roquetas De Mar,transportation,domestic-shipping,226085.8262,3359.0,-2.604995,36.755992
2024,6.199542111,Marbella,transportation,domestic-shipping,56154.14521,4964.0,-4.874395,36.505993
2024,6.023612891,Gran Tarajal Harbor,transportation,domestic-shipping,25529.59369,1535.0,-14.02555,28.207215
2024,6.008196252,Torredembarra,transportation,domestic-shipping,30353.3602,3477.0,1.402495,41.134695
2024,5.946816572,Segur Calafell,transportation,domestic-shipping,17374.0887,2459.0,1.606935,41.186695
2024,5.723240281,Puertod De El Chorrillo,transportation,domestic-shipping,19465.38898,1333.0,-16.321662,28.400826
2024,5.629055363,Reus Airport,transportation,international-aviation,17819.11338,6864.0,1.16717,41.1474
2024,5.585157582,Roda de Bara,transportation,domestic-shipping,29624.57513,1691.0,1.484995,41.167995
2024,5.412109249,Petro,transportation,domestic-shipping,44649.18437,4240.0,3.209435,39.360295
2024,5.365308104,Marina El Rompido,transportation,domestic-shipping,13697.58237,2007.0,-7.129165,37.215795
2024,5.299296438,Ciutadella De Menorca,transportation,international-shipping,43148.39775,375.0,3.826995,39.989992
2024,5.255639073,Masnou,transportation,domestic-shipping,36871.36401,2676.0,2.313055,41.474995
2024,5.25411435,Chipiona,transportation,domestic-shipping,61388.47276,4588.0,-6.429435,36.746095
2024,5.219020256,Puerto De San Sebastian De La Gomera,transportation,international-shipping,34947.46899,100.0,-17.106584,28.088049
2024,5.170512142,El Campello,transportation,domestic-shipping,17232.98127,4165.0,-0.384718,38.430295
2024,5.104242838,Ribeira,transportation,domestic-shipping,313958.7673,10495.0,-8.999997,42.539992
2024,5.071279322,Marina del Este,transportation,domestic-shipping,52809.44136,3751.0,-3.726105,36.726395
2024,5.070845295,Balis,transportation,domestic-shipping,22641.23795,1442.0,2.505995,41.556995
2024,4.948904603,Muxia,transportation,domestic-shipping,187829.3116,10007.0,-9.197497,43.115992
2024,4.720310629,Puerto De Viveiro,transportation,domestic-shipping,215307.7074,2955.0,-7.597156,43.674226
2024,4.621831747,Salou,transportation,domestic-shipping,28148.196,2493.0,1.131105,41.073595
2024,4.595507226,Premia,transportation,domestic-shipping,25322.08207,1760.0,2.367995,41.488995
2024,4.513940851,Ribadeo,transportation,domestic-shipping,50619.58103,2928.0,-7.035133,43.534558
2024,4.489714411,Carino,transportation,international-shipping,41456.88689,131.0,-7.868609,43.735315
2024,4.314881372,Tarragona Coal Terminal,transportation,domestic-shipping,64129.39431,3997.0,1.227029,41.092574
2024,4.221550296,Mazagon,transportation,international-shipping,47541.60779,97.0,-6.830251,37.131608
2024,4.216422564,Mugardos,transportation,domestic-shipping,10150.38207,142.0,-8.245937,43.461153
2024,4.135926132,Port D'Andratx,transportation,international-shipping,50193.55094,296.0,2.387995,39.546992
2024,4.128670734,Club Nautic L'Ametlla de Mar,transportation,domestic-shipping,158864.6399,11680.0,0.801995,40.880995
2024,4.127053063,Región de Murcia International Airport,transportation,international-aviation,13064.43474,4711.0,-1.125,37.803
2024,4.112769805,Ginesta,transportation,international-shipping,16714.81648,89.0,1.924435,41.258295
2024,3.980083949,Puerto De Salinetas,transportation,international-shipping,11616.57576,28.0,-15.372634,27.983048
2024,3.952924189,Sitges Aiguadolc,transportation,domestic-shipping,19788.86931,1940.0,1.823885,41.233595
2024,3.841528384,Benidorm,transportation,domestic-shipping,6154.299452,1724.0,-0.132773,38.534437
2024,3.817867249,Arsenal dl la Carraca,transportation,domestic-shipping,1243.606634,20.0,-6.178995,36.494995
2024,3.725454904,Santiago-Rosalía de Castro Airport,transportation,international-aviation,11793.15161,4713.0,-8.41514,42.896301
2024,3.70196072,El Toro,transportation,international-shipping,88714.43974,434.0,2.472495,39.498992
2024,3.550322132,Punta Misiera,transportation,domestic-shipping,67546.93385,3390.0,-5.264995,43.514995
2024,3.504619103,Puerto De Viveiro,transportation,international-shipping,39589.31916,168.0,-7.597156,43.674226
2024,3.440623834,Fornells,transportation,domestic-shipping,39887.71283,3019.0,4.130995,40.054995
2024,3.25694787,Santa Eularia Des Piu,transportation,international-shipping,24734.64774,116.0,1.540995,38.983992
2024,3.20878546,S'Estanyol de Migjorn,transportation,domestic-shipping,44422.26576,5034.0,2.918605,39.359695
2024,3.128901739,Puerto De La Estaca,transportation,international-shipping,32619.92185,58.0,-17.901938,27.784161
2024,3.10464026,Erandio Biscay,transportation,domestic-shipping,1068.814591,49.0,-2.980964,43.311348
2024,3.037006706,Puerto De Arinaga,transportation,domestic-shipping,13367.10401,1130.0,-15.39941,27.845048
2024,3.014068602,Vilanova I La Geltru,transportation,international-shipping,26984.25328,115.0,1.732495,41.222337
2024,2.947154353,Sanxenxo,transportation,international-shipping,107127.2508,188.0,-8.812494,42.395992
2024,2.851005326,Burela,transportation,international-shipping,77727.41486,162.0,-7.351385,43.653742
2024,2.787798002,Isla Cristina,transportation,domestic-shipping,42352.6591,3050.0,-7.329995,37.195995
2024,2.736321229,Carino,transportation,domestic-shipping,60667.90882,3569.0,-7.868609,43.735315
2024,2.730869484,La Savina,transportation,international-shipping,40497.89361,384.0,1.416967,38.731797
2024,2.716404687,Puerto De Soller,transportation,international-shipping,20755.96583,170.0,2.693051,39.795271
2024,2.692552109,Erandio Biscay,transportation,international-shipping,5185.471172,8.0,-2.980964,43.311348
2024,2.60874486,Pen scola,transportation,domestic-shipping,130203.8475,10498.0,0.404438,40.355795
2024,2.60455109,Castro-Urdiales,transportation,domestic-shipping,31330.94698,1907.0,-3.214716,43.380824
2024,2.603936383,"Scrap Metal Terminal,Bilbao",transportation,international-shipping,21023.37593,50.0,-2.999184,43.315467
2024,2.597463483,Marina de Cala d Or,transportation,domestic-shipping,20169.65498,1569.0,3.223055,39.370595
2024,2.528545126,St Antoni De Portmany,transportation,international-shipping,29950.51724,132.0,1.297995,38.975992
2024,2.524097019,Seve Ballesteros-Santander Airport,transportation,international-aviation,7990.180959,3401.0,-3.82001,43.427101
2024,2.492553742,Muros,transportation,domestic-shipping,60668.8847,3164.0,-9.056384,42.775271
2024,2.452002953,Jerez Airport,transportation,international-aviation,7761.962854,2215.0,-6.06011,36.744598
2024,2.451341604,"Refineria de bp Energia Espanya,Grao de Castellon",transportation,domestic-shipping,97823.48024,7588.0,0.017268,39.949739
2024,2.446458647,Melilla,transportation,international-shipping,21928.99157,171.0,-2.932897,35.285859
2024,2.355454391,Cala en Bosc,transportation,domestic-shipping,29160.31383,3767.0,3.834715,39.928295
2024,2.352084383,Ayamonte,transportation,domestic-shipping,9565.883889,886.0,-7.40455,37.21416
2024,2.273340512,Ons,transportation,international-shipping,5596.351696,110.0,-8.928995,42.376992
2024,2.239800046,Ceuta Autonomous City,transportation,road-transportation,204326739.3,322.2118787,-5.35890504518811,35.89638900850014
2024,2.236349872,La Palma Airport,transportation,international-aviation,7079.300053,1248.0,-17.7556,28.626499
2024,2.202248904,"Shipyard,Astander Cantabria",transportation,domestic-shipping,131.4982971,4.0,-3.818078,43.405399
2024,2.127127362,Asturias Airport,transportation,international-aviation,6733.549628,3044.0,-6.03462,43.563599
2024,2.078795243,Tarragona Coal Terminal,transportation,international-shipping,14878.81913,14.0,1.227029,41.092574
2024,2.035760811,Adra,transportation,domestic-shipping,83809.43544,5124.0,-3.027215,36.739004
2024,2.018584776,Illa de Arousa,transportation,domestic-shipping,31252.35117,2753.0,-8.866105,42.566095
2024,1.997226013,Zumaia,transportation,domestic-shipping,78126.07558,2895.0,-2.252215,43.296695
2024,1.987763322,Muros,transportation,international-shipping,29828.33465,108.0,-9.056384,42.775271
2024,1.982078601,Almería Airport,transportation,international-aviation,6274.38905,2027.0,-2.3701,36.843899
2024,1.947286983,Deportive de la Duquesa,transportation,domestic-shipping,10061.74629,1575.0,-5.228995,36.354995
2024,1.90141264,Puerto De Santiago,transportation,domestic-shipping,28411.18927,3000.0,-16.842217,28.247215
2024,1.867210712,Rosas,transportation,international-shipping,28313.36489,648.0,3.180132,42.261537
2024,1.820929822,Ons,transportation,domestic-shipping,23289.1573,9053.0,-8.928995,42.376992
2024,1.790569437,Puerto Rico Harbor,transportation,international-shipping,58218.15109,120.0,-15.669272,27.759736
2024,1.786948903,Port de la Selva,transportation,domestic-shipping,16852.36504,1571.0,3.201995,42.339995
2024,1.784747739,Aguadulce,transportation,domestic-shipping,12020.65389,870.0,-2.560555,36.814695
2024,1.763509498,Candado,transportation,domestic-shipping,16432.96025,1244.0,-4.345275,36.714195
2024,1.705130319,El Barquito Harbor,transportation,international-shipping,76943.68987,159.0,-13.703327,28.916661
2024,1.584727355,Puerto De Playa Blanca,transportation,international-shipping,120851.5794,345.0,-13.824283,28.858266
2024,1.565338326,La Manga,transportation,domestic-shipping,2804.317559,589.0,-0.732217,37.662195
2024,1.538967071,Melilla Autonomous City,transportation,road-transportation,140385094.0,168.1504163,-2.9504084049293517,35.30152893100009
2024,1.514833504,Cullera,transportation,domestic-shipping,102725.0058,7863.0,-0.255995,39.162992
2024,1.494216016,l'Estartit,transportation,international-shipping,11122.9142,285.0,3.204435,42.052795
2024,1.4861488,Badolona,transportation,international-shipping,34703.89824,229.0,2.239995,41.429992
2024,1.474094179,Portosin,transportation,domestic-shipping,38979.97285,2600.0,-8.975003,42.745491
2024,1.443132468,Cedeira,transportation,domestic-shipping,132603.2006,6113.0,-8.067495,43.657195
2024,1.430432283,Burriana,transportation,international-shipping,9404.532113,12.0,-0.060412,39.872058
2024,1.417234926,Adolfo Suárez MadridBarajas Airport,transportation,domestic-aviation,206827.0687,124660.0,-3.56264,40.471926
2024,1.362468903,Vicedo,transportation,international-shipping,49608.19409,134.0,-7.675995,43.736992
2024,1.323617433,San Vicente de la Barquera,transportation,domestic-shipping,102571.2425,6458.0,-4.396105,43.386395
2024,1.317347437,Villaricos,transportation,domestic-shipping,22536.16555,1787.0,-1.771939,37.246102
2024,1.258354873,Castellón-Costa Azahar Airport,transportation,international-aviation,3983.398049,1444.0,0.073333,40.213889
2024,1.195939698,Colonia de Sant Jordi,transportation,international-shipping,26357.48714,187.0,2.997995,39.315995
2024,1.183171779,Ares,transportation,domestic-shipping,12459.67558,790.0,-8.237995,43.421992
2024,1.150070091,Illa de Arousa,transportation,international-shipping,13531.9094,26.0,-8.866105,42.566095
2024,1.139993671,Carboneras,transportation,domestic-shipping,103928.1556,1070.0,-1.897254,36.990465
2024,1.13602088,Puerto De Playa De Santiago,transportation,domestic-shipping,16864.74805,1301.0,-17.197495,28.026938
2024,1.129294804,Palos Marina,transportation,domestic-shipping,16927.10853,1651.0,-0.701105,37.631695
2024,1.110809765,Laredo,transportation,international-shipping,9735.527549,108.0,-3.417995,43.416992
2024,1.101895874,Fisterra,transportation,domestic-shipping,42243.91356,4058.0,-9.259995,42.908095
2024,1.086263336,Fornells,transportation,international-shipping,25183.76408,254.0,4.130995,40.054995
2024,1.071491132,Llanca,transportation,domestic-shipping,55249.02541,2566.0,3.162495,42.372795
2024,1.054818706,"Metalships and Docks Shipyard,Vigo",transportation,international-shipping,14246.19655,7.0,-8.689611,42.259053
2024,1.020199619,Puerto De Las Galletas,transportation,international-shipping,96157.01076,207.0,-16.635968,28.014159
2024,1.004420826,Bueu,transportation,international-shipping,19446.28997,169.0,-8.785275,42.328095
2024,1.003468698,San Jose,transportation,international-shipping,13414.26113,76.0,1.382558,38.839985
2024,0.998832031,Pollenca,transportation,international-shipping,21162.93209,163.0,3.083995,39.903995
2024,0.996469584,Benecario,transportation,domestic-shipping,53517.24714,4455.0,0.431995,40.412992
2024,0.98306527,Santa Pola,transportation,international-shipping,19069.38553,184.0,-0.559995,38.189992
2024,0.970253124,Fornells,transportation,domestic-shipping,17714.06952,1720.0,3.216935,41.938295
2024,0.961770637,Josep Tarradellas Barcelona-El Prat Airport,transportation,domestic-aviation,140357.959,89389.0,2.07846,41.2971
2024,0.940991889,Puerto De La Restinga,transportation,domestic-shipping,15705.95058,951.0,-17.981105,27.639994
2024,0.936472509,Addaya,transportation,domestic-shipping,4407.63496,756.0,4.197995,40.006995
2024,0.935555018,Moana,transportation,domestic-shipping,3000.511939,445.0,-8.735825,42.274195
2024,0.893846031,"Scrap Metal Terminal,Bilbao",transportation,domestic-shipping,2082.378217,97.0,-2.999184,43.315467
2024,0.880085023,Santona,transportation,domestic-shipping,98303.29937,1989.0,-3.462995,43.440995
2024,0.868702496,Ares,transportation,international-shipping,11208.05553,19.0,-8.237995,43.421992
2024,0.850918367,Lekeitio,transportation,domestic-shipping,39748.19765,2237.0,-2.501105,43.364695
2024,0.84591017,Los Urrutias,transportation,domestic-shipping,4553.609407,652.0,-0.824162,37.678095
2024,0.834301481,Almerimar,transportation,international-shipping,27822.26017,286.0,-2.792115,36.696996
2024,0.824715804,Denia,transportation,international-shipping,11082.54487,85.0,0.116179,38.84117
2024,0.806515378,Tenerife Norte-Ciudad de La Laguna Airport,transportation,international-aviation,2553.072948,368.0,-16.341499,28.4827
2024,0.797904211,Club Nautic Hospitalet Vandellos,transportation,domestic-shipping,5581.026801,549.0,0.927995,40.987995
2024,0.762542935,S'Arenal,transportation,international-shipping,20636.08658,127.0,2.745995,39.500992
2024,0.754331754,Puerto De Playa De San Juan,transportation,domestic-shipping,11681.321,1122.0,-16.814578,28.179077
2024,0.742027388,Mataro,transportation,international-shipping,8872.180401,35.0,2.445995,41.528995
2024,0.725293678,Ondarroa,transportation,international-shipping,32349.0744,91.0,-2.421995,43.324992
2024,0.691179151,Moraira,transportation,international-shipping,4897.724915,23.0,0.136662,38.686095
2024,0.683785238,Gran Canaria Airport,transportation,domestic-aviation,99789.59293,85248.0,-15.3866,27.9319
2024,0.674290381,Marina Greenwich,transportation,domestic-shipping,7174.678919,582.0,-0.001999,38.628995
2024,0.668626377,San Vicente do Grove,transportation,domestic-shipping,5911.880496,1354.0,-8.918885,42.457495
2024,0.663767918,Navia,transportation,domestic-shipping,29060.74951,300.0,-6.724165,43.542795
2024,0.659454525,La Azohia,transportation,international-shipping,15438.95489,63.0,-1.171105,37.552495
2024,0.644547,Conil,transportation,international-shipping,10299.8845,34.0,-6.136665,36.294695
2024,0.644091611,Fontan,transportation,international-shipping,2796.649216,6.0,-8.246995,43.361992
2024,0.641488822,Es Pelats,transportation,international-shipping,8487.388749,52.0,3.463995,39.709995
2024,0.63856236,Puerto De Playa De Santiago,transportation,international-shipping,52650.49944,111.0,-17.197495,28.026938
2024,0.63747261,Tenerife Norte-Ciudad de La Laguna Airport,transportation,domestic-aviation,93030.86511,76466.0,-16.341499,28.4827
2024,0.636708774,Cala en Bosc,transportation,international-shipping,7127.865116,52.0,3.834715,39.928295
2024,0.606761644,Mutriku,transportation,domestic-shipping,37276.17166,2537.0,-2.382215,43.307795
2024,0.604017673,A Coruña Airport,transportation,international-aviation,1912.05428,817.0,-8.37726,43.302101
2024,0.592876494,Puerto Banus,transportation,international-shipping,12786.93138,372.0,-4.955074,36.48634
2024,0.555267162,Puerto De Playa De Fanabe,transportation,international-shipping,18180.97031,117.0,-16.726233,28.062943
2024,0.553754169,Sa Rapita,transportation,domestic-shipping,4194.153962,295.0,2.953325,39.361395
2024,0.550243814,Muxia,transportation,international-shipping,45123.12523,304.0,-9.197497,43.115992
2024,0.547110509,Corcubion,transportation,domestic-shipping,9253.848683,588.0,-9.184021,42.945242
2024,0.521833159,Sa Rapita,transportation,international-shipping,924.686076,5.0,2.953325,39.361395
2024,0.511140161,Barbate,transportation,international-shipping,21384.05001,175.0,-5.930995,36.185993
2024,0.487163407,Vitoria Airport,transportation,international-aviation,1542.145071,639.0,-2.72447,42.882801
2024,0.476759675,Palma de Mallorca Airport,transportation,domestic-aviation,69576.89534,74750.0,2.73881,39.551701
2024,0.469479448,Laxe,transportation,domestic-shipping,41352.42298,2832.0,-9.002495,43.222795
2024,0.459610126,La Linea,transportation,domestic-shipping,4992.486151,247.0,-5.358948,36.158884
2024,0.420487267,Benidorm,transportation,international-shipping,657.1127529,37.0,-0.132773,38.534437
2024,0.417539739,Arenys de Mar,transportation,international-shipping,10962.06771,112.0,2.55921,41.576895
2024,0.404761238,Chipiona,transportation,international-shipping,10730.27982,101.0,-6.429435,36.746095
2024,0.392069129,Conil,transportation,domestic-shipping,2501.106434,163.0,-6.136665,36.294695
2024,0.38701534,Marina Greenwich,transportation,international-shipping,1810.047624,8.0,-0.001999,38.628995
2024,0.386195937,Grove,transportation,international-shipping,537.9532938,85.0,-8.859995,42.496395
2024,0.385165541,Corcubion,transportation,international-shipping,1870.497908,8.0,-9.184021,42.945242
2024,0.366684651,Fornells,transportation,international-shipping,2373.29515,44.0,3.216935,41.938295
2024,0.360809315,Ribeira,transportation,international-shipping,22068.39503,64.0,-8.999997,42.539992
2024,0.348979371,Marina de las Dunas,transportation,domestic-shipping,3199.928585,748.0,-0.644995,38.108995
2024,0.348271854,Benalmadena,transportation,international-shipping,15936.70237,264.0,-4.510995,36.593993
2024,0.347597606,San Esteban De Pravia,transportation,domestic-shipping,30683.54183,692.0,-6.116517,43.560381
2024,0.343029107,F.G.L. Airport Granada-Jaén Airport,transportation,international-aviation,1085.879273,380.0,-3.77736,37.188702
2024,0.341500033,Laxe,transportation,international-shipping,3339.743431,13.0,-9.002495,43.222795
2024,0.339433002,Addaya,transportation,international-shipping,5839.20618,33.0,4.197995,40.006995
2024,0.334891861,Sevilla Airport,transportation,domestic-aviation,48873.12662,28574.0,-5.89311,37.417999
2024,0.328583508,Puerto De Santa Maria,transportation,international-shipping,4810.134801,14.0,-6.237899,36.586866
2024,0.327606429,Caleta Del Sebo Harbor,transportation,international-shipping,31158.28634,164.0,-13.477078,29.225966
2024,0.32529134,Villaricos,transportation,international-shipping,4117.287507,10.0,-1.771939,37.246102
2024,0.315616568,l'Escala,transportation,international-shipping,10129.90917,234.0,3.147775,42.117795
2024,0.297284764,Málaga-Costa del Sol Airport,transportation,domestic-aviation,43384.85813,30401.0,-4.49911,36.6749
2024,0.295204419,Bilbao Airport,transportation,domestic-aviation,43081.25879,26774.0,-2.91061,43.301102
2024,0.289564749,Hondarribia,transportation,international-shipping,22310.44822,727.0,-1.79158,43.385623
2024,0.286796505,Fontan,transportation,domestic-shipping,955.9215211,58.0,-8.246995,43.361992
2024,0.271830957,San Jose,transportation,international-shipping,2828.52478,3.0,-2.102495,36.762195
2024,0.267672143,Malpica de Bergantinos,transportation,domestic-shipping,18805.8001,1882.0,-8.806935,43.322795
2024,0.265335309,Isla Del Moral,transportation,international-shipping,20149.46343,686.0,-7.339995,37.187995
2024,0.264748167,Villajoyosa,transportation,international-shipping,1194.246385,12.0,-0.217772,38.507495
2024,0.251343958,Puero De Tarajal,transportation,international-shipping,10670.45424,26.0,-17.943328,28.643883
2024,0.239354128,Santiago-Rosalía de Castro Airport,transportation,domestic-aviation,34930.63273,18484.0,-8.41514,42.896301
2024,0.234977382,A Pasaxe,transportation,domestic-shipping,5194.314886,848.0,-8.853594,41.886429
2024,0.231794985,Portocolom,transportation,international-shipping,13594.95785,109.0,3.263325,39.420595
2024,0.231212284,Fisterra,transportation,international-shipping,9050.078257,45.0,-9.259995,42.908095
2024,0.225556456,César Manrique-Lanzarote Airport,transportation,domestic-aviation,32917.04131,35039.0,-13.6052,28.945499
2024,0.22424637,Garraf,transportation,international-shipping,7410.968348,16.0,1.899995,41.249995
2024,0.217991886,Roquetas De Mar,transportation,international-shipping,9970.50501,67.0,-2.604995,36.755992
2024,0.217213369,Premia,transportation,international-shipping,11112.54291,99.0,2.367995,41.488995
2024,0.214752419,Cedeira,transportation,international-shipping,7588.789269,63.0,-8.067495,43.657195
2024,0.212998868,S'Estanyol de Migjorn,transportation,international-shipping,3499.985463,19.0,2.918605,39.359695
2024,0.212837304,Vigo Airport,transportation,international-aviation,673.749291,269.0,-8.62677,42.2318
2024,0.209391484,A Pobra do Caraminal,transportation,domestic-shipping,344.5436309,45.0,-8.934165,42.606395
2024,0.205195655,Puertod De El Chorrillo,transportation,international-shipping,20876.76252,43.0,-16.321662,28.400826
2024,0.203228481,Sotogrande,transportation,international-shipping,11595.23452,941.0,-5.276105,36.288295
2024,0.196221337,Club Nautico Alicante Costa Blanca,transportation,international-shipping,3355.981133,21.0,-0.438995,38.360995
2024,0.192366248,Port de la Selva,transportation,international-shipping,3677.04342,152.0,3.201995,42.339995
2024,0.191096296,Valencia Airport,transportation,domestic-aviation,27888.02763,24540.0,-0.481625,39.4893
2024,0.184427119,Porto De Corme,transportation,domestic-shipping,21286.69749,1296.0,-8.963995,43.261992
2024,0.182169532,Blanes,transportation,international-shipping,7194.134158,93.0,2.799995,41.672992
2024,0.180070443,Ayamonte,transportation,international-shipping,1974.752383,66.0,-7.40455,37.21416
2024,0.179582839,Ifach,transportation,international-shipping,6514.036941,32.0,0.069863,38.638975
2024,0.178468116,Puerto De La Puntilla,transportation,international-shipping,10958.41663,35.0,-17.332217,28.080549
2024,0.176416758,Puerto De Vinaros,transportation,international-shipping,5666.274449,26.0,0.476105,40.462214
2024,0.167864064,Petro,transportation,international-shipping,3680.093405,24.0,3.209435,39.360295
2024,0.166909789,Ibiza Airport,transportation,domestic-aviation,24358.32043,32648.0,1.37312,38.872898
2024,0.161218965,Torredembarra,transportation,international-shipping,2339.965753,10.0,1.402495,41.134695
2024,0.160084862,Puerto De La San Carlos De La Rapita,transportation,international-shipping,3403.67261,8.0,0.601116,40.617306
2024,0.158941829,Fuengirola,transportation,international-shipping,5574.568998,210.0,-4.609995,36.539993
2024,0.158551025,Hondbarribia,transportation,domestic-shipping,1415.362223,216.0,-1.79696,43.363074
2024,0.156981841,Alicante-Elche Miguel Hernández Airport,transportation,domestic-aviation,22909.4651,18368.0,-0.558156,38.2822
2024,0.156881806,Marbella,transportation,international-shipping,6011.412827,79.0,-4.874395,36.505993
2024,0.152307935,Puerto De Javea,transportation,international-shipping,9950.369255,48.0,0.186188,38.797104
2024,0.149202463,Puerto De Mogan,transportation,international-shipping,13334.76878,24.0,-15.764995,27.816938
2024,0.142040299,Puerto De La Restinga,transportation,international-shipping,10412.36881,10.0,-17.981105,27.639994
2024,0.134191829,Fuerteventura Airport,transportation,domestic-aviation,19583.55823,24237.0,-13.8638,28.4527
2024,0.132993644,Asturias Airport,transportation,domestic-aviation,19408.69861,10786.0,-6.03462,43.563599
2024,0.119416065,Tenerife Sur Airport,transportation,domestic-aviation,17427.22693,12227.0,-16.5725,28.0445
2024,0.117777016,Masnou,transportation,international-shipping,5074.502825,19.0,2.313055,41.474995
2024,0.115511525,Marina de Cala d Or,transportation,international-shipping,7588.496065,67.0,3.223055,39.370595
2024,0.111490392,San Sebastián Airport,transportation,international-aviation,352.9295414,210.0,-1.79061,43.356499
2024,0.108920482,Morro Del Jable Harbor,transportation,international-shipping,5780.062396,13.0,-14.36169,28.049355
2024,0.107580568,Menorca Airport,transportation,domestic-aviation,15699.98958,20599.0,4.21865,39.862598
2024,0.101917654,Mutriku,transportation,international-shipping,1723.436786,26.0,-2.382215,43.307795
2024,0.095958658,Castro-Urdiales,transportation,international-shipping,2934.105555,13.0,-3.214716,43.380824
2024,0.095375647,Sitges Aiguadolc,transportation,international-shipping,1673.897869,11.0,1.823885,41.233595
2024,0.094819302,Aguilas,transportation,international-shipping,3525.289615,29.0,-1.561485,37.401574
2024,0.092719444,Los Cuarteros,transportation,international-shipping,3583.447245,16.0,-0.750995,37.821993
2024,0.091513835,Cabo Roig,transportation,international-shipping,3044.844574,21.0,-0.725995,37.911995
2024,0.089342507,Club Nautic Hospitalet Vandellos,transportation,international-shipping,1957.421447,2.0,0.927995,40.987995
2024,0.089116945,Cambrils,transportation,international-shipping,500.5945291,6.0,1.063995,41.059992
2024,0.088546902,A Pobra do Caraminal,transportation,international-shipping,29.63695678,4.0,-8.934165,42.606395
2024,0.087136388,Ca n Pastilla,transportation,international-shipping,1313.566686,8.0,2.715555,39.533095
2024,0.085632989,Puerto De Santiago,transportation,international-shipping,6836.712526,23.0,-16.842217,28.247215
2024,0.083267622,Bonanza,transportation,international-shipping,2151.140874,35.0,-6.329995,36.799993
2024,0.082897155,San Feliu De Guixols,transportation,international-shipping,4736.529359,54.0,3.033049,41.779698
2024,0.081184506,A Coruña Airport,transportation,domestic-aviation,11847.82643,8064.0,-8.37726,43.302101
2024,0.080848943,Caleta De Velez,transportation,international-shipping,1978.354459,44.0,-4.069995,36.746993
2024,0.079092442,Vigo Airport,transportation,domestic-aviation,11542.51677,7755.0,-8.62677,42.2318
2024,0.077427064,F.G.L. Airport Granada-Jaén Airport,transportation,domestic-aviation,11299.4765,8324.0,-3.77736,37.188702
2024,0.077298618,San Javier,transportation,international-shipping,3212.961055,21.0,-0.743995,37.746993
2024,0.074963689,Getaria,transportation,international-shipping,3405.145993,65.0,-2.198995,43.304992
2024,0.072135334,Lekeitio,transportation,international-shipping,2886.065953,13.0,-2.501105,43.364695
2024,0.070335882,Adra,transportation,international-shipping,4616.194192,31.0,-3.027215,36.739004
2024,0.068677619,Llanca,transportation,international-shipping,1318.458214,71.0,3.162495,42.372795
2024,0.06834054,Estapona,transportation,international-shipping,6363.79358,490.0,-5.156995,36.413995
2024,0.066034502,Mazarron,transportation,international-shipping,1675.361994,10.0,-1.256937,37.562771
2024,0.062113742,Marina del Este,transportation,international-shipping,3051.645539,49.0,-3.726105,36.726395
2024,0.056591127,La Palma Airport,transportation,domestic-aviation,8258.741504,21449.0,-17.7556,28.626499
2024,0.055195718,Deportive de la Duquesa,transportation,international-shipping,4086.837348,171.0,-5.228995,36.354995
2024,0.053457016,"Refineria de bp Energia Espanya,Grao de Castellon",transportation,international-shipping,2193.189051,7.0,0.017268,39.949739
2024,0.05049454,San Jose,transportation,domestic-shipping,117.1497989,6.0,-2.102495,36.762195
2024,0.047852055,Ca n Pastilla,transportation,domestic-shipping,2023.216581,143.0,2.715555,39.533095
2024,0.047739654,Malpica de Bergantinos,transportation,international-shipping,1865.418395,17.0,-8.806935,43.322795
2024,0.047515978,Marina El Rompido,transportation,international-shipping,1587.855181,67.0,-7.129165,37.215795
2024,0.044959091,As Cortes,transportation,domestic-shipping,351.9154,38.0,-8.823995,42.646992
2024,0.044942794,Playa Puebla De Farnasl,transportation,international-shipping,831.8090038,5.0,-0.282995,39.561992
2024,0.044567293,Jerez Airport,transportation,domestic-aviation,6504.018843,4623.0,-6.06011,36.744598
2024,0.041431027,Aguete,transportation,domestic-shipping,669.0927804,6.0,-8.735275,42.374995
2024,0.040518637,Seve Ballesteros-Santander Airport,transportation,domestic-aviation,5913.16997,4719.0,-3.82001,43.427101
2024,0.03993941,Zumaia,transportation,international-shipping,1478.877629,21.0,-2.252215,43.296695
2024,0.038362867,Portosin,transportation,international-shipping,3172.493031,16.0,-8.975003,42.745491
2024,0.037774502,Palos Marina,transportation,international-shipping,2481.789043,16.0,-0.701105,37.631695
2024,0.034833607,San Sebastián Airport,transportation,domestic-aviation,5083.513504,4032.0,-1.79061,43.356499
2024,0.03427475,Freixo,transportation,international-shipping,2207.146106,2.0,-8.944435,42.794995
2024,0.033049771,Gran Tarajal Harbor,transportation,international-shipping,2190.239636,9.0,-14.02555,28.207215
2024,0.027410072,El Planet,transportation,international-shipping,3024.701442,13.0,-0.053995,38.586992
2024,0.026937257,Candado,transportation,international-shipping,2343.128565,8.0,-4.345275,36.714195
2024,0.026641884,Aguadulce,transportation,international-shipping,1382.521011,10.0,-2.560555,36.814695
2024,0.026240487,San Vicente de la Barquera,transportation,international-shipping,1859.490636,11.0,-4.396105,43.386395
2024,0.025148776,Almería Airport,transportation,domestic-aviation,3670.137934,5231.0,-2.3701,36.843899
2024,0.024525625,Moana,transportation,international-shipping,74.18957629,6.0,-8.735825,42.274195
2024,0.022202975,Balis,transportation,international-shipping,1439.005039,14.0,2.505995,41.556995
2024,0.022107028,Melilla Airport,transportation,domestic-aviation,3226.234141,10241.0,-2.955906,35.286041
2024,0.02136197,Esteiro,transportation,domestic-shipping,1442.341495,100.0,-8.977775,42.788095
2024,0.020948235,Zaragoza Airport,transportation,domestic-aviation,3057.123342,1745.0,-1.04155,41.666199
2024,0.01750715,Corralejo Harbor,transportation,international-shipping,2750.57481,19.0,-13.861356,28.741383
2024,0.01723241,Punta Misiera,transportation,international-shipping,800.5397126,10.0,-5.264995,43.514995
2024,0.016458471,Pamplona Airport,transportation,domestic-aviation,2401.90048,2455.0,-1.64633,42.77
2024,0.015509591,Freixo,transportation,domestic-shipping,945.1680821,31.0,-8.944435,42.794995
2024,0.014927005,Club Nautic L'Ametlla de Mar,transportation,international-shipping,1361.293244,9.0,0.801995,40.880995
2024,0.014391676,San Esteban De Pravia,transportation,international-shipping,620.8062616,6.0,-6.116517,43.560381
2024,0.013849327,Valladolid Airport,transportation,domestic-aviation,2021.129723,1175.0,-4.85194,41.7061
2024,0.013503443,Región de Murcia International Airport,transportation,domestic-aviation,1970.65251,1086.0,-1.125,37.803
2024,0.012890533,Puerto De Playa De San Juan,transportation,international-shipping,987.5199249,4.0,-16.814578,28.179077
2024,0.011887464,Marina de las Dunas,transportation,international-shipping,531.5307491,3.0,-0.644995,38.108995
2024,0.011099163,Porto De Corme,transportation,international-shipping,485.499182,7.0,-8.963995,43.261992
2024,0.01065214,Roda de Bara,transportation,international-shipping,1848.741453,13.0,1.484995,41.167995
2024,0.010505414,La Linea,transportation,international-shipping,545.9286349,41.0,-5.358948,36.158884
2024,0.010183946,A Pasaxe,transportation,international-shipping,1030.518435,63.0,-8.853594,41.886429
2024,0.010008363,Puerto De Las Nieves,transportation,international-shipping,1650.907725,2.0,-15.711104,28.100272
2024,0.009659595,Vitoria Airport,transportation,domestic-aviation,1409.692753,1027.0,-2.72447,42.882801
2024,0.009652507,Salou,transportation,international-shipping,1126.808662,7.0,1.131105,41.073595
2024,0.008529809,El Hierro Airport,transportation,domestic-aviation,1244.815015,5684.0,-17.8871,27.8148
2024,0.008274335,MadridTorrejón Airport / Torrejón Air Base,transportation,international-aviation,26.19290372,1.0,-3.456808,40.487875
2024,0.00788008,Valladolid Airport,transportation,international-aviation,24.9448684,9.0,-4.85194,41.7061
2024,0.007494651,Badajoz Airport,transportation,domestic-aviation,1093.747142,1680.0,-6.82133,38.8913
2024,0.007218973,León Int'l Airport,transportation,domestic-aviation,1053.51549,858.0,-5.65556,42.589001
2024,0.0070178,Hondbarribia,transportation,international-shipping,298.9325134,15.0,-1.79696,43.363074
2024,0.005862942,Segur Calafell,transportation,international-shipping,811.2814556,5.0,1.606935,41.186695
2024,0.005418294,Isla Cristina,transportation,international-shipping,301.3892344,19.0,-7.329995,37.195995
2024,0.004963767,Vilanova de Arousa,transportation,domestic-shipping,124.8002531,20.0,-8.832215,42.563595
2024,0.004922088,Cabo de Cruz,transportation,domestic-shipping,96.33859586,10.0,-8.888995,42.615995
2024,0.004622876,Arsenal dl la Carraca,transportation,international-shipping,228.887049,3.0,-6.178995,36.494995
2024,0.003935038,El Campello,transportation,international-shipping,561.1529236,2.0,-0.384718,38.430295
2024,0.003759611,La Gomera Airport,transportation,domestic-aviation,548.6665488,2930.0,-17.2146,28.0296
2024,0.003721446,Albacete Airport / Los Llanos Air Base,transportation,international-aviation,11.78046001,3.0,-1.86352,38.948502
2024,0.0035809,León Int'l Airport,transportation,international-aviation,11.33555362,4.0,-5.65556,42.589001
2024,0.003395759,San Vicente do Grove,transportation,international-shipping,745.742619,5.0,-8.918885,42.457495
2024,0.002996163,Santona,transportation,international-shipping,298.7255594,5.0,-3.462995,43.440995
2024,0.002615136,Pen scola,transportation,international-shipping,329.667645,2.0,0.404438,40.355795
2024,0.00222616,Castellón-Costa Azahar Airport,transportation,domestic-aviation,324.8791878,605.0,0.073333,40.213889
2024,0.002045182,Esteiro,transportation,international-shipping,312.6514983,3.0,-8.977775,42.788095
2024,0.002008239,As Cortes,transportation,international-shipping,15.31088257,1.0,-8.823995,42.646992
2024,0.001744008,Salamanca Airport,transportation,international-aviation,5.520761289,2.0,-5.50199,40.952099
2024,0.001497306,Lleida-Alguaire Airport,transportation,domestic-aviation,218.512365,374.0,0.535023,41.728185
2024,0.001367798,La Manga,transportation,international-shipping,87.69767135,1.0,-0.732217,37.662195
2024,0.001245048,Logroño-Agoncillo Airport,transportation,domestic-aviation,181.6985913,510.0,-2.322235,42.460953
2024,0.001096585,Salamanca Airport,transportation,domestic-aviation,160.0323128,100.0,-5.50199,40.952099
2024,0.00100464,Badajoz Airport,transportation,international-aviation,3.180248233,2.0,-6.82133,38.8913
2024,0.000834647,Tragove,transportation,domestic-shipping,89.57814653,10.0,-8.824715,42.517795
2024,0.000814237,Pirineus - la Seu d'Urgel Airport,transportation,domestic-aviation,118.8273869,316.0,1.40917,42.3386
2024,0.00057051,Navia,transportation,international-shipping,14.55592626,1.0,-6.724165,43.542795
2024,0.000466688,Pamplona Airport,transportation,international-aviation,1.47732858,1.0,-1.64633,42.77
2024,0.000437406,Córdoba Airport,transportation,domestic-aviation,63.83371876,48.0,-4.84888,37.841999
2024,0.000365851,Girona-Costa Brava Airport,transportation,domestic-aviation,53.39126875,85.0,2.761774,41.904639
2024,0.000303485,Orio,transportation,international-shipping,62.23903575,1.0,-2.127495,43.283895
2024,0.000271766,Peirao de Sardineiro,transportation,domestic-shipping,25.42769147,3.0,-9.232995,42.937995
2024,0.000206008,Reus Airport,transportation,domestic-aviation,30.06413762,75.0,1.16717,41.1474
2024,5.51e-05,Burgos Airport,transportation,domestic-aviation,8.04355302,9.0,-3.62076,42.357601
2024,2.31e-05,Escarabote,transportation,domestic-shipping,3.465733306,1.0,-8.901385,42.636395
2024,1.08e-05,Albacete Airport / Los Llanos Air Base,transportation,domestic-aviation,1.573326355,2.0,-1.86352,38.948502
2025,4226.855322,puerto de Algericas,transportation,international-shipping,4654973.935,23523.0,-5.436031,36.133218
2025,3947.012108,Valencia,transportation,international-shipping,3161182.616,4290.0,-0.318051,39.447076
2025,3111.567625,Las Palmas,transportation,international-shipping,6177892.273,4655.0,-15.412818678520761,28.135008336140746
2025,2935.276833,Barcelona,transportation,international-shipping,3376307.169,6780.0,2.162426,41.341345
2025,1610.920458,Tarragona,transportation,international-shipping,2650509.411,2306.0,1.220241,41.100184
2025,1256.430354,Las Palmas,transportation,domestic-shipping,1841041.092,51856.0,-15.412818678520761,28.135008336140746
2025,1249.991576,Santurce,transportation,international-shipping,2369627.369,3240.0,-3.045449,43.345186
2025,1239.547991,Barcelona,transportation,domestic-shipping,1453163.648,76831.0,2.162426,41.341345
2025,1219.24394,Cerro le La Campa Cartagena,transportation,international-shipping,2124550.243,1755.0,-0.962364,37.568816
2025,968.5722384,Valencia,transportation,domestic-shipping,1072649.709,54847.0,-0.318051,39.447076
2025,778.4624821,Adolfo Suárez MadridBarajas Airport,transportation,international-aviation,2464269.817,279876.0,-3.56264,40.471926
2025,751.1722287,Vigo,transportation,international-shipping,1068323.627,2272.0,-8.731398,42.239748
2025,679.6369277,Palma,transportation,domestic-shipping,656147.0129,28000.0,2.6352803775815743,39.56132037316736
2025,633.3245571,Huelva,transportation,international-shipping,1440291.173,2250.0,-6.929750509775859,37.19103344063563
2025,609.9325092,Tenerife,transportation,international-shipping,670048.9284,920.0,-16.228599,28.486438
2025,603.0112749,Tenerife,transportation,domestic-shipping,1003888.513,38645.0,-16.228599,28.486438
2025,593.0591946,Malaga,transportation,international-shipping,540905.1268,956.0,-4.417914,36.713063
2025,547.0545024,puerto de Algericas,transportation,domestic-shipping,830988.0612,70551.0,-5.436031,36.133218
2025,520.5768362,Cadiz,transportation,domestic-shipping,479358.0889,8056.0,-6.282388232161369,36.53474103561715
2025,497.560828,Santander,transportation,international-shipping,1127296.834,2179.0,-3.8193929192501033,43.446970091055775
2025,472.0200221,Ceuta,transportation,international-shipping,1928667.609,3321.0,-5.311999,35.893569
2025,398.2937248,Port de Sagunt,transportation,international-shipping,1106533.295,1228.0,-0.214159,39.642187
2025,380.3883898,Gijon,transportation,international-shipping,913709.4387,1434.0,-5.690267,43.560191
2025,367.1251352,Grao de Castellon,transportation,international-shipping,836217.2338,1075.0,0.013483,39.962474
2025,362.2261671,Josep Tarradellas Barcelona-El Prat Airport,transportation,international-aviation,1146648.723,253672.0,2.07846,41.2971
2025,357.6006534,Guadarranque,transportation,international-shipping,680781.4268,795.0,-5.401886,36.177855
2025,356.5807595,Madrid Province,transportation,road-transportation,34251609093.0,31478.3819,-3.76884780075516,40.522186280000106
2025,347.6993825,Ibiza,transportation,domestic-shipping,616746.1143,51486.0,1.448564,38.906425
2025,332.7886675,Arrecife,transportation,domestic-shipping,381933.0716,9617.0,-13.534422,28.956938
2025,329.3053956,Huelva,transportation,domestic-shipping,629267.412,20930.0,-6.929750509775859,37.19103344063563
2025,324.7220085,Exterior da la Coruna,transportation,international-shipping,497267.2902,296.0,-8.51501,43.344143
2025,314.189692,Malaga,transportation,domestic-shipping,284854.1043,8418.0,-4.417914,36.713063
2025,308.4472857,Santurce,transportation,domestic-shipping,462638.0093,9448.0,-3.045449,43.345186
2025,279.1857873,Palma,transportation,international-shipping,366679.7952,1298.0,2.6352803775815743,39.56132037316736
2025,278.3949945,Cerro le La Campa Cartagena,transportation,domestic-shipping,497331.414,15281.0,-0.962364,37.568816
2025,273.2159698,Tarragona,transportation,domestic-shipping,471910.2287,20473.0,1.220241,41.100184
2025,257.2504388,Barcelona Province,transportation,road-transportation,24709688282.0,34064.18332,2.0312108587995072,41.7583713535001
2025,252.0767489,Cadiz,transportation,international-shipping,365310.9839,722.0,-6.282388232161369,36.53474103561715
2025,246.3543066,A Coruna,transportation,international-shipping,600816.6623,1777.0,-8.399677,43.362569
2025,221.120414,Alicante,transportation,domestic-shipping,360167.7369,14428.0,-0.494029,38.333963
2025,211.4549711,Puerto De Santa Cruz De La Palma,transportation,domestic-shipping,215359.3484,8163.0,-17.766154,28.673084
2025,194.1053048,Vigo,transportation,domestic-shipping,455474.7628,9157.0,-8.731398,42.239748
2025,191.3687269,Aviles,transportation,international-shipping,595191.5837,889.0,-5.925238,43.580208
2025,180.0539173,Garrucha,transportation,international-shipping,305363.3579,317.0,-1.817357,37.182752
2025,179.3945176,Valencia Province,transportation,road-transportation,17232901125.0,35612.31424,-0.7972164061750873,39.33421308850009
2025,173.4277125,Ceuta,transportation,domestic-shipping,384532.0114,29788.0,-5.311999,35.893569
2025,170.5324705,Murcia Province,transportation,road-transportation,16379732189.0,33896.26599,-1.671337066439492,38.062816619500126
2025,155.795788,Puerto Del Rosario,transportation,domestic-shipping,134034.1082,5463.0,-13.856661,28.495272
2025,154.746189,A Coruna,transportation,domestic-shipping,811988.8032,25102.0,-8.399677,43.362569
2025,154.4132015,Guadarranque,transportation,domestic-shipping,199146.6904,4056.0,-5.401886,36.177855
2025,148.2949416,Alicante Province,transportation,road-transportation,14244064650.0,30612.55078,-0.7490538943273265,38.36546350150013
2025,143.7713959,Málaga-Costa del Sol Airport,transportation,international-aviation,455117.0026,132824.0,-4.49911,36.6749
2025,141.6670244,Alicante,transportation,international-shipping,176696.3665,670.0,-0.494029,38.333963
2025,128.5046708,A Coruña Province,transportation,road-transportation,12343474622.0,45147.72186,-8.580651201226326,43.15250000000012
2025,126.501782,Puerto De Playa De Fanabe,transportation,domestic-shipping,230950.9897,26362.0,-16.726233,28.062943
2025,125.4675082,Denia,transportation,domestic-shipping,423952.9367,21608.0,0.116179,38.84117
2025,124.2678694,Pasajes,transportation,international-shipping,540744.4072,1330.0,-1.950032,43.324605
2025,124.1463596,Palma de Mallorca Airport,transportation,international-aviation,392992.7698,148420.0,2.73881,39.551701
2025,122.5214785,Almeria,transportation,international-shipping,233878.2416,1964.0,-2.472758,36.83248
2025,120.4520104,Sevilla Province,transportation,road-transportation,11570895048.0,22375.44279,-5.650463713465193,37.51887356600005
2025,120.2931365,Tenerife Sur Airport,transportation,international-aviation,380795.16,72199.0,-16.5725,28.0445
2025,115.6985374,Mahon,transportation,domestic-shipping,231045.6882,20658.0,4.269941,39.89012
2025,111.6430533,Motril,transportation,international-shipping,264483.0824,1010.0,-3.519124,36.734181
2025,109.314182,Málaga Province,transportation,road-transportation,10502828133.0,21136.41089,-4.545060535891765,36.7924575805001
2025,109.2334835,Pontevedra Province,transportation,road-transportation,10489670075.0,30728.80248,-8.534215909656234,42.36472299950012
2025,105.2388117,Seville,transportation,international-shipping,433319.2152,687.0,-6.005184,37.341761
2025,103.8503155,Toledo Province,transportation,road-transportation,9975461134.0,22032.15671,-4.103428607533116,39.7881469725001
2025,101.8541235,Port de Sagunt,transportation,domestic-shipping,227342.6869,15610.0,-0.214159,39.642187
2025,100.4242583,Seville,transportation,domestic-shipping,189027.0325,3938.0,-6.005184,37.341761
2025,99.4008877,Marin,transportation,international-shipping,256229.9494,368.0,-8.697616,42.399379
2025,97.41127785,Asturias Province,transportation,road-transportation,9355708537.0,33605.11655,-5.85352989556379,43.273590087500025
2025,96.52619775,Alicante-Elche Miguel Hernández Airport,transportation,international-aviation,305559.4858,104308.0,-0.558156,38.2822
2025,94.15375848,Gijon,transportation,domestic-shipping,542666.1578,19874.0,-5.690267,43.560191
2025,93.63416503,Cartagena,transportation,international-shipping,140454.1839,265.0,-0.984283,37.598198
2025,93.5945756,Melilla,transportation,domestic-shipping,88434.62091,3099.0,-2.932897,35.285859
2025,93.42683444,Zaragoza Province,transportation,road-transportation,8975719330.0,19127.59933,-1.1697709965256755,41.83966064500015
2025,91.26647905,Porto De Villagarcia,transportation,international-shipping,225938.4885,325.0,-8.774164,42.598047
2025,86.76298658,Ibiza,transportation,international-shipping,62856.6245,367.0,1.448564,38.906425
2025,85.20835119,Lugo Province,transportation,road-transportation,8187287461.0,40190.44575,-7.456360995692844,43.039630890000126
2025,82.15285613,Santander,transportation,domestic-shipping,321751.0153,10268.0,-3.8193929192501033,43.446970091055775
2025,81.41565457,Grao de Castellon,transportation,domestic-shipping,198045.9966,8804.0,0.013483,39.962474
2025,80.60111139,Granada Province,transportation,road-transportation,7741223553.0,20476.46145,-3.238942254923356,37.38922691350009
2025,79.0255346,Almeria,transportation,domestic-shipping,288430.1073,17695.0,-2.472758,36.83248
2025,77.77802568,Gran Canaria Airport,transportation,international-aviation,246211.0192,46872.0,-15.3866,27.9319
2025,75.5640516,Cádiz Province,transportation,road-transportation,7258654781.0,16534.27964,-5.900672801085365,36.526109695500054
2025,75.19517832,León Province,transportation,road-transportation,7223112179.0,22022.68684,-5.971272670301904,42.63412094150013
2025,74.50584215,Exterior da la Coruna,transportation,domestic-shipping,84495.59898,2768.0,-8.51501,43.344143
2025,72.86540716,Arrecife,transportation,international-shipping,118440.5885,394.0,-13.534422,28.956938
2025,71.56780932,Puerto De San Sebastian De La Gomera,transportation,domestic-shipping,122022.6156,11441.0,-17.106584,28.088049
2025,70.83490987,Baleares Province,transportation,road-transportation,6806586450.0,20030.31374,2.8798615590000907,39.61305452000008
2025,70.35796894,Tarragona Province,transportation,road-transportation,6758963698.0,17749.63163,0.6258435927443824,41.052778243500114
2025,68.76430981,Alcudia,transportation,domestic-shipping,199575.4001,17081.0,3.138051,39.835063
2025,67.96138185,Motril,transportation,domestic-shipping,233474.7992,14239.0,-3.519124,36.734181
2025,67.58746471,Burgos Province,transportation,road-transportation,6495179011.0,18727.30951,-3.677223011986082,42.32509040800004
2025,66.21926089,Navarra Province,transportation,road-transportation,6362097292.0,16184.29529,-1.8393284876650535,42.61185067150011
2025,66.06576082,Cantabria Province,transportation,road-transportation,6347487531.0,17161.34031,-4.263470109485208,43.13639831550009
2025,65.15014614,Badajoz Province,transportation,road-transportation,6259525133.0,22907.90966,-6.221068240773418,38.69645881650007
2025,64.93571962,Las Palmas Province,transportation,road-transportation,6239452144.0,12870.36226,-15.605971858999936,27.958055496500094
2025,64.25762173,Morro Del Jable Harbor,transportation,domestic-shipping,85090.00622,6462.0,-14.36169,28.049355
2025,63.72981512,Santa Pola,transportation,domestic-shipping,684176.1911,38538.0,-0.559995,38.189992
2025,63.22680815,San Cibrao,transportation,international-shipping,169517.416,248.0,-7.449967,43.700411
2025,62.95741021,Girona Province,transportation,road-transportation,6048566288.0,16821.74887,2.8369904067666276,42.0729329640001
2025,62.69572372,Ourense Province,transportation,road-transportation,6023593687.0,24723.71888,-7.53721936116848,42.19283866850006
2025,62.31309222,Ferrol,transportation,international-shipping,201051.9268,302.0,-8.230291,43.483444
2025,62.22976654,Cuenca Province,transportation,road-transportation,5977193989.0,16413.03211,-2.1531717786788542,39.94250488300011
2025,61.79216611,Ciudad Real Province,transportation,road-transportation,5936920657.0,18379.13831,-3.883169471189615,38.958520889000056
2025,61.63582326,Almería Province,transportation,road-transportation,5921783955.0,17118.79335,-2.188809025562483,37.29833412250005
2025,61.34177507,Cartagena,transportation,domestic-shipping,50281.10903,1658.0,-0.984283,37.598198
2025,60.77539277,Santa Cruz de Tenerife Province,transportation,road-transportation,5837282373.0,13857.06216,-16.621805191499902,28.293333053500156
2025,59.54555261,Cáceres Province,transportation,road-transportation,5721147881.0,19423.8032,-6.13814599789866,39.75937461800007
2025,58.98351633,Aviles,transportation,domestic-shipping,580817.8477,13157.0,-5.925238,43.580208
2025,58.79691371,La Savina,transportation,domestic-shipping,352182.7365,34076.0,1.416967,38.731797
2025,58.24663105,Córdoba Province,transportation,road-transportation,5594696929.0,19203.00388,-4.846699292215064,37.95584106400014
2025,58.08708214,Castellón Province,transportation,road-transportation,5580236939.0,15442.56497,-0.06104967888676971,40.252437592500165
2025,56.84370941,Albacete Province,transportation,road-transportation,5459825812.0,17885.8798,-1.9549596399683145,38.72314643850012
2025,56.77183524,Porto Ferrol,transportation,international-shipping,162219.1875,403.0,-8.327598,43.461215
2025,56.36180744,Valladolid Province,transportation,road-transportation,5412451598.0,11542.06834,-4.697193412703777,41.704347369500084
2025,55.38048449,Lleida Province,transportation,road-transportation,5321706715.0,18556.63944,1.1801861433147387,42.06923350000008
2025,54.12366172,César Manrique-Lanzarote Airport,transportation,international-aviation,171331.7071,35961.0,-13.6052,28.945499
2025,53.80679978,Salamanca Province,transportation,road-transportation,5169815044.0,15551.32627,-6.021433992788122,40.766546249500095
2025,53.7214943,Ferrol,transportation,domestic-shipping,63053.85551,693.0,-8.230291,43.483444
2025,53.29306726,Vizcaya Province,transportation,road-transportation,5118421012.0,8282.816814,-2.852004148292613,43.238744736000086
2025,49.69776661,Huesca Province,transportation,road-transportation,4776236227.0,15916.78583,-0.028993948674146175,42.13632948600005
2025,49.6020679,Jaén Province,transportation,road-transportation,4764294038.0,17444.22921,-3.4928591505760718,37.955600739500085
2025,48.68356655,Litoral de Almeria power Station Coal Terminal,transportation,international-shipping,113724.7631,119.0,-1.897862,36.976527
2025,44.71607075,El Toro,transportation,domestic-shipping,170229.5224,9650.0,2.472495,39.498992
2025,43.84550842,Zamora Province,transportation,road-transportation,4211697975.0,13236.25243,-5.942875961149477,41.68618202250005
2025,43.22184276,Valencia Airport,transportation,international-aviation,136821.3434,55145.0,-0.481625,39.4893
2025,42.52949562,Fuerteventura Airport,transportation,international-aviation,134629.6769,26737.0,-13.8638,28.4527
2025,42.08224202,Guadalajara Province,transportation,road-transportation,4043956791.0,14228.57615,-2.505668652764934,40.74032974300007
2025,42.02982315,Puerto De Santa Cruz De La Palma,transportation,international-shipping,103974.0139,337.0,-17.766154,28.673084
2025,41.70233556,Huelva Province,transportation,road-transportation,4006445835.0,10382.06301,-6.92319106409883,37.502590179000066
2025,40.7941191,Teruel Province,transportation,road-transportation,3920658210.0,13804.37879,-0.9226891465859627,40.60135078450011
2025,40.378313,Mugardos,transportation,international-shipping,208379.3302,104.0,-8.245937,43.461153
2025,39.74176754,La Rioja Province,transportation,road-transportation,3819030543.0,7631.548346,-2.482983307397377,42.284181595500115
2025,39.61089205,Guipúzcoa Province,transportation,road-transportation,3803563535.0,8902.874986,-2.2041852145083523,43.14480590900007
2025,38.17388499,Rosas,transportation,domestic-shipping,286194.386,23064.0,3.180132,42.261537
2025,37.58394011,Palencia Province,transportation,road-transportation,3612299203.0,9369.417101,-4.621076910685504,42.40712547300009
2025,36.18346167,Puerto De Palamos,transportation,domestic-shipping,164618.73,13816.0,3.14877,41.850578
2025,36.09924061,Puerto De La Estaca,transportation,domestic-shipping,49011.60268,2290.0,-17.901938,27.784161
2025,35.10402224,Sotogrande,transportation,domestic-shipping,66887.3397,9412.0,-5.276105,36.288295
2025,34.76613574,Vilanova I La Geltru,transportation,domestic-shipping,163010.1049,16703.0,1.732495,41.222337
2025,34.29143258,Puerto Del Rosario,transportation,international-shipping,27013.01302,114.0,-13.856661,28.495272
2025,34.12435551,Ávila Province,transportation,road-transportation,3277660808.0,10053.58323,-4.834634274315016,40.62453271400011
2025,33.78068183,Segovia Province,transportation,road-transportation,3244473941.0,10703.13845,-4.182494348737591,41.10898399350009
2025,32.977927,Torrevieja,transportation,domestic-shipping,188574.6881,10775.0,-0.684856,37.968621
2025,32.4212457,Rota,transportation,international-shipping,194508.797,625.0,-6.334299,36.618066
2025,30.55489793,Puerto Rico Harbor,transportation,domestic-shipping,81898.5004,5841.0,-15.669272,27.759736
2025,30.45088778,Rota,transportation,domestic-shipping,337006.9594,13983.0,-6.334299,36.618066
2025,29.72552896,Cangas,transportation,domestic-shipping,492300.5479,8715.0,-8.784995,42.256995
2025,29.60502492,Álava Province,transportation,road-transportation,2844020567.0,6561.605905,-2.6820993654164864,42.84442329350017
2025,29.04367177,Baiona,transportation,domestic-shipping,446069.0128,13210.0,-8.843995,42.120995
2025,28.61928625,Sevilla Airport,transportation,international-aviation,90596.0723,32165.0,-5.89311,37.417999
2025,28.54745553,Porto Ferrol,transportation,domestic-shipping,102726.8069,4394.0,-8.327598,43.461215
2025,28.47955966,Soria Province,transportation,road-transportation,2737316099.0,10289.91975,-2.7217771840309224,41.60160064700011
2025,28.00513606,Benalmadena,transportation,domestic-shipping,105451.9676,17589.0,-4.510995,36.593993
2025,27.94590545,Ginesta,transportation,domestic-shipping,47014.16675,4738.0,1.924435,41.258295
2025,27.80618306,Puerto De Palamos,transportation,international-shipping,54840.74308,396.0,3.14877,41.850578
2025,27.55921642,Ibiza Airport,transportation,international-aviation,87240.35747,34600.0,1.37312,38.872898
2025,27.54718246,Pasajes,transportation,domestic-shipping,245293.5673,8990.0,-1.950032,43.324605
2025,26.17426604,Ciutadella De Menorca,transportation,domestic-shipping,194809.5955,16010.0,3.826995,39.989992
2025,24.87724986,Tarifa Roro Ferry,transportation,international-shipping,77496.61711,7892.0,-5.603544,36.009428
2025,24.78841492,Alcanar Cement Plant,transportation,domestic-shipping,324633.5774,24204.0,0.550677,40.573292
2025,24.37512956,Puerto Banus,transportation,domestic-shipping,55156.60804,7115.0,-4.955074,36.48634
2025,23.04928585,Los Cuarteros,transportation,domestic-shipping,92748.08365,14169.0,-0.750995,37.821993
2025,22.89067785,Bonanza,transportation,domestic-shipping,472970.1247,28166.0,-6.329995,36.799993
2025,22.32554902,Caleta Del Sebo Harbor,transportation,domestic-shipping,66328.71573,14648.0,-13.477078,29.225966
2025,22.2545793,Alcudia,transportation,international-shipping,61467.27865,261.0,3.138051,39.835063
2025,22.05593402,St Antoni De Portmany,transportation,domestic-shipping,215614.5259,15256.0,1.297995,38.975992
2025,21.98748641,Villajoyosa,transportation,domestic-shipping,620484.9483,16383.0,-0.217772,38.507495
2025,21.61325827,"Puerto de Honduras,Santa Cruz,Tenerife",transportation,domestic-shipping,58601.69808,1736.0,-16.263226,28.449634
2025,20.71806205,Bermeo,transportation,domestic-shipping,327772.2306,8141.0,-2.716802,43.417927
2025,20.13393775,Estapona,transportation,domestic-shipping,78496.37698,14331.0,-5.156995,36.413995
2025,19.89980307,Tarifa Roro Ferry,transportation,domestic-shipping,87965.77572,16239.0,-5.603544,36.009428
2025,19.65047295,Pollenca,transportation,domestic-shipping,114949.6191,11944.0,3.083995,39.903995
2025,19.58459552,Almerimar,transportation,domestic-shipping,70666.97755,3494.0,-2.792115,36.696996
2025,19.07790883,Port D'Andratx,transportation,domestic-shipping,168123.4053,11951.0,2.387995,39.546992
2025,18.85354017,San Jose,transportation,domestic-shipping,137225.1063,16584.0,1.382558,38.839985
2025,18.8526055,"Puerto de Honduras,Santa Cruz,Tenerife",transportation,international-shipping,143327.4893,193.0,-16.263226,28.449634
2025,17.92941217,Fene,transportation,international-shipping,19808.53886,31.0,-8.185469,43.472709
2025,17.37294416,San Javier,transportation,domestic-shipping,68264.23364,11097.0,-0.743995,37.746993
2025,15.92524406,Porto De Villagarcia,transportation,domestic-shipping,33367.69817,993.0,-8.774164,42.598047
2025,15.85612188,El Planet,transportation,domestic-shipping,286364.8011,10141.0,-0.053995,38.586992
2025,15.7120163,Puerto De Soller,transportation,domestic-shipping,131418.8098,13014.0,2.693051,39.795271
2025,15.65440216,Puerto De Salinetas,transportation,domestic-shipping,37336.30617,2231.0,-15.372634,27.983048
2025,15.59750174,Bilbao Airport,transportation,international-aviation,49374.83008,22043.0,-2.91061,43.301102
2025,15.50553863,Sanxenxo,transportation,domestic-shipping,112155.8801,13330.0,-8.812494,42.395992
2025,15.4086172,Fuengirola,transportation,domestic-shipping,104470.517,18179.0,-4.609995,36.539993
2025,15.21790865,Cangas,transportation,international-shipping,368755.1342,751.0,-8.784995,42.256995
2025,14.8138313,Burela,transportation,domestic-shipping,955739.1014,11351.0,-7.351385,43.653742
2025,14.66847674,Puerto De Playa Blanca,transportation,domestic-shipping,138777.8746,18162.0,-13.824283,28.858266
2025,14.05011105,Garrucha,transportation,domestic-shipping,132979.8844,6338.0,-1.817357,37.182752
2025,13.91748482,Club Nautico Alicante Costa Blanca,transportation,domestic-shipping,44613.3353,3330.0,-0.438995,38.360995
2025,13.41936763,Puerto De San Sebastian De La Gomera,transportation,international-shipping,21145.37849,107.0,-17.106584,28.088049
2025,13.21787185,Blanes,transportation,domestic-shipping,156863.6312,16855.0,2.799995,41.672992
2025,12.94838259,Marin,transportation,domestic-shipping,23650.22463,948.0,-8.697616,42.399379
2025,12.77237852,Gandia,transportation,international-shipping,38548.56855,57.0,-0.151523,38.997631
2025,12.39389425,Cambrils,transportation,domestic-shipping,76216.0131,7935.0,1.063995,41.059992
2025,12.38175338,Mazagon,transportation,domestic-shipping,103982.199,4333.0,-6.830251,37.131608
2025,12.13765965,Alcanar Cement Plant,transportation,international-shipping,36526.46008,70.0,0.550677,40.573292
2025,12.00220375,Gandia,transportation,domestic-shipping,70691.1997,6254.0,-0.151523,38.997631
2025,11.94183073,Puerto De Santa Maria,transportation,domestic-shipping,108144.726,1219.0,-6.237899,36.586866
2025,11.90446343,La Azohia,transportation,domestic-shipping,38416.19272,3100.0,-1.171105,37.552495
2025,11.7844544,San Feliu De Guixols,transportation,domestic-shipping,73537.98399,6178.0,3.033049,41.779698
2025,11.60501184,Mazarron,transportation,domestic-shipping,214404.3594,4761.0,-1.256937,37.562771
2025,11.34010948,Mahon,transportation,international-shipping,143371.8229,1314.0,4.269941,39.89012
2025,11.00379901,Grove,transportation,domestic-shipping,29582.44776,4581.0,-8.859995,42.496395
2025,10.84478601,Santa Eularia Des Piu,transportation,domestic-shipping,137921.3562,10755.0,1.540995,38.983992
2025,10.84246886,El Barquito Harbor,transportation,domestic-shipping,73587.04079,5448.0,-13.703327,28.916661
2025,10.75213894,Playa Puebla De Farnasl,transportation,domestic-shipping,10060.62526,1545.0,-0.282995,39.561992
2025,10.74969474,Ribadeo,transportation,international-shipping,81208.32126,215.0,-7.035133,43.534558
2025,10.65677602,Badolona,transportation,domestic-shipping,52920.04981,4363.0,2.239995,41.429992
2025,10.62835252,Arenys de Mar,transportation,domestic-shipping,132711.9825,10605.0,2.55921,41.576895
2025,10.46393474,S'Arenal,transportation,domestic-shipping,44721.57748,5043.0,2.745995,39.500992
2025,10.29239777,Ondarroa,transportation,domestic-shipping,418423.0047,6867.0,-2.421995,43.324992
2025,10.24021323,Colonia de Sant Jordi,transportation,domestic-shipping,94715.81571,11831.0,2.997995,39.315995
2025,10.13339168,Vicedo,transportation,domestic-shipping,507275.721,7250.0,-7.675995,43.736992
2025,9.69432308,Girona-Costa Brava Airport,transportation,international-aviation,30687.9629,13251.0,2.761774,41.904639
2025,9.692118753,Puerto De Grandila,transportation,international-shipping,20573.96053,37.0,-16.491098,28.072568
2025,9.571117941,Menorca Airport,transportation,international-aviation,30297.94962,13066.0,4.21865,39.862598
2025,9.484555812,Ifach,transportation,domestic-shipping,295982.518,11617.0,0.069863,38.638975
2025,9.232000209,Puerto De Las Nieves,transportation,domestic-shipping,142397.8219,14904.0,-15.711104,28.100272
2025,9.181083015,Caleta De Velez,transportation,domestic-shipping,197264.3036,21269.0,-4.069995,36.746993
2025,9.166181637,Zaragoza Airport,transportation,international-aviation,29016.09939,3230.0,-1.04155,41.666199
2025,9.007994459,l'Escala,transportation,domestic-shipping,41673.60652,6863.0,3.147775,42.117795
2025,9.000365633,Puerto De Javea,transportation,domestic-shipping,121972.3874,10355.0,0.186188,38.797104
2025,8.864828573,Fene,transportation,domestic-shipping,5375.05934,112.0,-8.185469,43.472709
2025,8.719118612,Laredo,transportation,domestic-shipping,439611.5755,16815.0,-3.417995,43.416992
2025,8.709595292,Corralejo Harbor,transportation,domestic-shipping,73572.66314,13763.0,-13.861356,28.741383
2025,8.380574441,Puerto De Mogan,transportation,domestic-shipping,31904.54809,4024.0,-15.764995,27.816938
2025,8.317592499,Puerto De La San Carlos De La Rapita,transportation,domestic-shipping,30375.83644,3015.0,0.601116,40.617306
2025,8.308293552,Barbate,transportation,domestic-shipping,147262.7511,5413.0,-5.930995,36.185993
2025,8.129022412,El Astillero,transportation,domestic-shipping,4890.046025,175.0,-3.815674,43.401002
2025,7.731770914,Hondarribia,transportation,domestic-shipping,235454.1952,6860.0,-1.79158,43.385623
2025,7.679980126,Marbella,transportation,domestic-shipping,64308.48042,6503.0,-4.874395,36.505993
2025,7.671032695,Petro,transportation,domestic-shipping,48069.8114,4680.0,3.209435,39.360295
2025,7.640006325,Moraira,transportation,domestic-shipping,39689.14344,4674.0,0.136662,38.686095
2025,7.631564809,l'Estartit,transportation,domestic-shipping,19639.84041,3304.0,3.204435,42.052795
2025,7.621164326,Burriana,transportation,domestic-shipping,108449.7616,7996.0,-0.060412,39.872058
2025,7.522773193,Garraf,transportation,domestic-shipping,24499.73837,1993.0,1.899995,41.249995
2025,7.455184582,Isla Del Moral,transportation,domestic-shipping,387778.6709,25718.0,-7.339995,37.187995
2025,7.399238396,Carboneras,transportation,domestic-shipping,556528.5971,1106.0,-1.897254,36.990465
2025,7.208842216,Marina El Rompido,transportation,domestic-shipping,12199.79621,1858.0,-7.129165,37.215795
2025,7.027130682,Bueu,transportation,domestic-shipping,65413.27835,7419.0,-8.785275,42.328095
2025,6.967945507,Mazagon,transportation,international-shipping,62746.56199,84.0,-6.830251,37.131608
2025,6.902897422,Bermeo,transportation,international-shipping,43664.99075,108.0,-2.716802,43.417927
2025,6.763700868,Carboneras Cement Plant,transportation,domestic-shipping,82545.50123,4080.0,-1.89848,36.965748
2025,6.714145334,Litoral de Almeria power Station Coal Terminal,transportation,domestic-shipping,111199.5213,3122.0,-1.897862,36.976527
2025,6.666455023,Cabo Roig,transportation,domestic-shipping,21149.55785,2011.0,-0.725995,37.911995
2025,6.485567024,Mugardos,transportation,domestic-shipping,15708.44556,202.0,-8.245937,43.461153
2025,6.433288768,Reus Airport,transportation,international-aviation,20364.96261,7858.0,1.16717,41.1474
2025,6.419094975,Balis,transportation,domestic-shipping,17760.54198,1286.0,2.505995,41.556995
2025,6.415112352,Torrevieja,transportation,international-shipping,20598.22034,182.0,-0.684856,37.968621
2025,6.354807402,Deportive de la Duquesa,transportation,domestic-shipping,8593.11536,1918.0,-5.228995,36.354995
2025,6.267817276,Aguilas,transportation,domestic-shipping,147338.5333,5179.0,-1.561485,37.401574
2025,5.975455451,Baiona,transportation,international-shipping,212014.1698,920.0,-8.843995,42.120995
2025,5.853391314,Roda de Bara,transportation,domestic-shipping,14316.21534,1834.0,1.484995,41.167995
2025,5.64638566,El Astillero,transportation,international-shipping,16985.94282,27.0,-3.815674,43.401002
2025,5.635828009,Puertod De El Chorrillo,transportation,domestic-shipping,12896.74092,1290.0,-16.321662,28.400826
2025,5.601963095,San Cibrao,transportation,domestic-shipping,28777.16274,1737.0,-7.449967,43.700411
2025,5.564277547,Mataro,transportation,domestic-shipping,20982.29541,1911.0,2.445995,41.528995
2025,5.480494802,Puerto De Las Galletas,transportation,domestic-shipping,58617.04616,4955.0,-16.635968,28.014159
2025,5.421612797,Torredembarra,transportation,domestic-shipping,24525.15824,3333.0,1.402495,41.134695
2025,5.268941296,Ribadeo,transportation,domestic-shipping,41599.95807,2991.0,-7.035133,43.534558
2025,5.240874444,Segur Calafell,transportation,domestic-shipping,15473.65196,2586.0,1.606935,41.186695
2025,5.14870367,Club Nautic L'Ametlla de Mar,transportation,domestic-shipping,228923.3278,12288.0,0.801995,40.880995
2025,5.079527602,Rande,transportation,international-shipping,8413.086286,7.0,-8.663494,42.289442
2025,5.053911778,Puerto De Viveiro,transportation,domestic-shipping,133106.0782,852.0,-7.597156,43.674226
2025,5.040914805,Puerto De Arinaga,transportation,international-shipping,22003.81651,78.0,-15.39941,27.845048
2025,4.863592851,Arsenal dl la Carraca,transportation,domestic-shipping,1072.930857,13.0,-6.178995,36.494995
2025,4.824056193,Portocolom,transportation,domestic-shipping,48816.16663,5062.0,3.263325,39.420595
2025,4.731205164,Muros,transportation,domestic-shipping,64042.7337,3724.0,-9.056384,42.775271
2025,4.699362791,Portocolom,transportation,international-shipping,16599.87382,65.0,3.263325,39.420595
2025,4.61621264,"Scrap Metal Terminal,Bilbao",transportation,international-shipping,30676.17087,71.0,-2.999184,43.315467
2025,4.511374497,El Toro,transportation,international-shipping,84557.28608,310.0,2.472495,39.498992
2025,4.430097249,Puerto De Grandila,transportation,domestic-shipping,7918.619267,218.0,-16.491098,28.072568
2025,4.415371951,Región de Murcia International Airport,transportation,international-aviation,13977.12553,5065.0,-1.125,37.803
2025,4.363254528,El Campello,transportation,domestic-shipping,16301.692,3847.0,-0.384718,38.430295
2025,4.27354194,Puerto De Arinaga,transportation,domestic-shipping,12598.2186,1277.0,-15.39941,27.845048
2025,4.269275819,Puerto De Vinaros,transportation,domestic-shipping,96041.27309,6870.0,0.476105,40.462214
2025,4.191849205,Marina del Este,transportation,domestic-shipping,30742.8654,3419.0,-3.726105,36.726395
2025,4.165069809,Masnou,transportation,domestic-shipping,30346.92358,2137.0,2.313055,41.474995
2025,4.140823758,Marina Greenwich,transportation,domestic-shipping,7222.147101,577.0,-0.001999,38.628995
2025,4.100770689,Marina de Cala d Or,transportation,domestic-shipping,22506.76363,1630.0,3.223055,39.370595
2025,3.965673476,"Metalships and Docks Shipyard,Vigo",transportation,international-shipping,7043.506683,6.0,-8.689611,42.259053
2025,3.849523641,Chipiona,transportation,domestic-shipping,52727.06832,4702.0,-6.429435,36.746095
2025,3.739837207,Ribeira,transportation,domestic-shipping,195184.5624,10298.0,-8.999997,42.539992
2025,3.729429797,Muxia,transportation,domestic-shipping,156094.9329,8166.0,-9.197497,43.115992
2025,3.676052079,Premia,transportation,domestic-shipping,16700.03742,1430.0,2.367995,41.488995
2025,3.525079729,La Savina,transportation,international-shipping,39302.3103,241.0,1.416967,38.731797
2025,3.473476412,Sitges Aiguadolc,transportation,domestic-shipping,17705.66596,1682.0,1.823885,41.233595
2025,3.362244368,"Refineria de bp Energia Espanya,Grao de Castellon",transportation,domestic-shipping,99913.85865,6898.0,0.017268,39.949739
2025,3.345874243,Carino,transportation,international-shipping,26086.62026,78.0,-7.868609,43.735315
2025,3.293008619,Fornells,transportation,domestic-shipping,31644.0983,3162.0,4.130995,40.054995
2025,3.287163125,S'Estanyol de Migjorn,transportation,domestic-shipping,33375.60198,4297.0,2.918605,39.359695
2025,3.195658869,Salou,transportation,domestic-shipping,23218.66418,2357.0,1.131105,41.073595
2025,3.102537677,Puerto De La Puntilla,transportation,domestic-shipping,17377.2324,1859.0,-17.332217,28.080549
2025,3.036023792,Ciutadella De Menorca,transportation,international-shipping,28281.79689,281.0,3.826995,39.989992
2025,2.939501004,Santona,transportation,domestic-shipping,143276.0972,2181.0,-3.462995,43.440995
2025,2.916781019,Cullera,transportation,domestic-shipping,153050.2157,9161.0,-0.255995,39.162992
2025,2.868015497,Ons,transportation,domestic-shipping,27694.08715,9677.0,-8.928995,42.376992
2025,2.834548401,Getaria,transportation,domestic-shipping,168706.0102,3443.0,-2.198995,43.304992
2025,2.805396199,Santiago-Rosalía de Castro Airport,transportation,international-aviation,8880.650433,3640.0,-8.41514,42.896301
2025,2.778139796,Carino,transportation,domestic-shipping,49060.4725,3018.0,-7.868609,43.735315
2025,2.752985475,Ondarroa,transportation,international-shipping,34733.79297,91.0,-2.421995,43.324992
2025,2.743511402,"Metalships and Docks Shipyard,Vigo",transportation,domestic-shipping,530.2697768,30.0,-8.689611,42.259053
2025,2.732956397,Puerto De Salinetas,transportation,international-shipping,11227.97846,25.0,-15.372634,27.983048
2025,2.707863028,Cala en Bosc,transportation,domestic-shipping,30190.60471,4041.0,3.834715,39.928295
2025,2.701873747,Roquetas De Mar,transportation,domestic-shipping,77689.75219,3291.0,-2.604995,36.755992
2025,2.669103292,Jerez Airport,transportation,international-aviation,8449.207037,2389.0,-6.06011,36.744598
2025,2.666094506,Illa de Arousa,transportation,domestic-shipping,28940.71365,2672.0,-8.866105,42.566095
2025,2.642810536,Adra,transportation,domestic-shipping,101275.123,5644.0,-3.027215,36.739004
2025,2.623502143,Es Pelats,transportation,domestic-shipping,55079.90106,5787.0,3.463995,39.709995
2025,2.617442918,Rande,transportation,domestic-shipping,1285.100186,139.0,-8.663494,42.289442
2025,2.548768157,Punta Misiera,transportation,domestic-shipping,54272.2323,3302.0,-5.264995,43.514995
2025,2.40087227,Puerto Rico Harbor,transportation,international-shipping,35137.92974,69.0,-15.669272,27.759736
2025,2.310724244,La Palma Airport,transportation,international-aviation,7314.736603,1314.0,-17.7556,28.626499
2025,2.282437902,Zumaia,transportation,domestic-shipping,58484.94628,2114.0,-2.252215,43.296695
2025,2.275148982,Almería Airport,transportation,international-aviation,7202.120971,2333.0,-2.3701,36.843899
2025,2.216877957,Seve Ballesteros-Santander Airport,transportation,international-aviation,7017.660537,2993.0,-3.82001,43.427101
2025,2.210853077,Puerto De Viveiro,transportation,international-shipping,17441.89975,72.0,-7.597156,43.674226
2025,2.197781826,Puerto De Santiago,transportation,domestic-shipping,19626.92557,2060.0,-16.842217,28.247215
2025,2.162808374,Tarragona Coal Terminal,transportation,domestic-shipping,47915.19554,3152.0,1.227029,41.092574
2025,2.139932769,Pen scola,transportation,domestic-shipping,124582.8613,9936.0,0.404438,40.355795
2025,2.132068128,Benecario,transportation,domestic-shipping,85529.54946,4406.0,0.431995,40.412992
2025,2.129053325,Asturias Airport,transportation,international-aviation,6739.646381,3042.0,-6.03462,43.563599
2025,2.126907223,Ceuta Autonomous City,transportation,road-transportation,204367383.2,297.8828425,-5.35890504518811,35.89638900850014
2025,2.094752639,Sanxenxo,transportation,international-shipping,71755.54398,147.0,-8.812494,42.395992
2025,2.086788943,Puero De Tarajal,transportation,domestic-shipping,15577.40359,492.0,-17.943328,28.643883
2025,1.978416183,Cedeira,transportation,domestic-shipping,180689.9389,6901.0,-8.067495,43.657195
2025,1.917112063,Benidorm,transportation,domestic-shipping,6516.499567,1710.0,-0.132773,38.534437
2025,1.848241474,Puerto De Soller,transportation,international-shipping,22145.27325,196.0,2.693051,39.795271
2025,1.827080908,Melilla,transportation,international-shipping,12159.51912,174.0,-2.932897,35.285859
2025,1.780672629,Pollenca,transportation,international-shipping,23720.62116,130.0,3.083995,39.903995
2025,1.754852147,Denia,transportation,international-shipping,10411.41931,76.0,0.116179,38.84117
2025,1.73431905,Castro-Urdiales,transportation,domestic-shipping,25660.60743,1537.0,-3.214716,43.380824
2025,1.711678328,Isla Cristina,transportation,domestic-shipping,24600.30599,2072.0,-7.329995,37.195995
2025,1.70139341,San Jose,transportation,international-shipping,16317.70421,81.0,1.382558,38.839985
2025,1.701299621,La Manga,transportation,domestic-shipping,3436.667084,858.0,-0.732217,37.662195
2025,1.664776413,Freixo,transportation,domestic-shipping,43796.68791,29.0,-8.944435,42.794995
2025,1.638957728,Port de la Selva,transportation,domestic-shipping,10149.52795,1082.0,3.201995,42.339995
2025,1.625836069,Gran Tarajal Harbor,transportation,domestic-shipping,14039.87692,1294.0,-14.02555,28.207215
2025,1.575787242,Burela,transportation,international-shipping,60365.65016,119.0,-7.351385,43.653742
2025,1.537632223,Castellón-Costa Azahar Airport,transportation,international-aviation,4867.467304,1674.0,0.073333,40.213889
2025,1.528108698,Santa Eularia Des Piu,transportation,international-shipping,16577.54401,91.0,1.540995,38.983992
2025,1.441335516,Melilla Autonomous City,transportation,road-transportation,138486088.8,168.1586199,-2.9504084049293517,35.30152893100009
2025,1.432618267,Ayamonte,transportation,domestic-shipping,3055.468571,538.0,-7.40455,37.21416
2025,1.432010523,San Vicente de la Barquera,transportation,domestic-shipping,131843.3827,5325.0,-4.396105,43.386395
2025,1.418552359,Carboneras Cement Plant,transportation,international-shipping,7235.515764,20.0,-1.89848,36.965748
2025,1.384850106,Palos Marina,transportation,domestic-shipping,30089.79182,1714.0,-0.701105,37.631695
2025,1.371389692,Moana,transportation,domestic-shipping,7981.162588,1116.0,-8.735825,42.274195
2025,1.350810911,Adolfo Suárez MadridBarajas Airport,transportation,domestic-aviation,197133.3446,119649.0,-3.56264,40.471926
2025,1.32880291,Candado,transportation,domestic-shipping,12915.09293,1095.0,-4.345275,36.714195
2025,1.274666518,Portosin,transportation,domestic-shipping,44078.82951,3022.0,-8.975003,42.745491
2025,1.267210354,Llanca,transportation,domestic-shipping,61323.25785,2434.0,3.162495,42.372795
2025,1.242902025,Rosas,transportation,international-shipping,18596.50399,502.0,3.180132,42.261537
2025,1.217604179,Fontan,transportation,international-shipping,2749.014435,9.0,-8.246995,43.361992
2025,1.194283286,Puerto De Playa Blanca,transportation,international-shipping,82848.12915,229.0,-13.824283,28.858266
2025,1.091525058,Port D'Andratx,transportation,international-shipping,28589.49328,178.0,2.387995,39.546992
2025,1.083087234,El Barquito Harbor,transportation,international-shipping,58072.10622,108.0,-13.703327,28.916661
2025,1.069910137,"Scrap Metal Terminal,Bilbao",transportation,domestic-shipping,3939.386162,144.0,-2.999184,43.315467
2025,1.058916284,Vicedo,transportation,international-shipping,62924.67471,220.0,-7.675995,43.736992
2025,1.055190093,Benalmadena,transportation,international-shipping,19309.33028,234.0,-4.510995,36.593993
2025,1.033191527,Fisterra,transportation,domestic-shipping,46414.0021,4190.0,-9.259995,42.908095
2025,1.01284254,Grove,transportation,international-shipping,297.7773696,61.0,-8.859995,42.496395
2025,0.989864744,Bueu,transportation,international-shipping,29349.5787,134.0,-8.785275,42.328095
2025,0.9689621,Lekeitio,transportation,domestic-shipping,41300.32172,2412.0,-2.501105,43.364695
2025,0.960488487,Josep Tarradellas Barcelona-El Prat Airport,transportation,domestic-aviation,140170.8458,87727.0,2.07846,41.2971
2025,0.905315244,Villaricos,transportation,domestic-shipping,19382.00444,1307.0,-1.771939,37.246102
2025,0.89278737,Fornells,transportation,domestic-shipping,14637.50657,1664.0,3.216935,41.938295
2025,0.889046027,Puerto De Playa De Santiago,transportation,domestic-shipping,16086.98485,1201.0,-17.197495,28.026938
2025,0.84248138,Tarragona Coal Terminal,transportation,international-shipping,9328.238977,12.0,1.227029,41.092574
2025,0.834028334,Tenerife Norte-Ciudad de La Laguna Airport,transportation,international-aviation,2640.166863,434.0,-16.341499,28.4827
2025,0.800386008,Vilanova I La Geltru,transportation,international-shipping,17542.05391,84.0,1.732495,41.222337
2025,0.792933413,La Linea,transportation,domestic-shipping,4858.267061,321.0,-5.358948,36.158884
2025,0.789079646,Los Urrutias,transportation,domestic-shipping,3772.227494,742.0,-0.824162,37.678095
2025,0.784493433,S'Arenal,transportation,international-shipping,16242.85987,87.0,2.745995,39.500992
2025,0.78112993,Conil,transportation,international-shipping,10884.70801,44.0,-6.136665,36.294695
2025,0.758347598,Puerto De Playa De San Juan,transportation,domestic-shipping,8528.69151,847.0,-16.814578,28.179077
2025,0.728529211,Hondbarribia,transportation,domestic-shipping,1936.322393,188.0,-1.79696,43.363074
2025,0.72717864,Corcubion,transportation,domestic-shipping,6781.124283,590.0,-9.184021,42.945242
2025,0.725293181,Gran Canaria Airport,transportation,domestic-aviation,105847.1393,86396.0,-15.3866,27.9319
2025,0.696052927,Tenerife Norte-Ciudad de La Laguna Airport,transportation,domestic-aviation,101579.9031,79521.0,-16.341499,28.4827
2025,0.687814609,Club Nautic Hospitalet Vandellos,transportation,domestic-shipping,6527.454957,730.0,0.927995,40.987995
2025,0.681866687,Puerto De Playa De Fanabe,transportation,international-shipping,12236.01515,62.0,-16.726233,28.062943
2025,0.640475159,Puerto De La Restinga,transportation,domestic-shipping,6710.762755,390.0,-17.981105,27.639994
2025,0.637425972,Santa Pola,transportation,international-shipping,12197.46841,83.0,-0.559995,38.189992
2025,0.62587317,A Coruña Airport,transportation,international-aviation,1981.23917,839.0,-8.37726,43.302101
2025,0.625870771,Addaya,transportation,domestic-shipping,3653.852373,912.0,4.197995,40.006995
2025,0.60708105,Aguadulce,transportation,domestic-shipping,11444.07464,821.0,-2.560555,36.814695
2025,0.606984552,Sotogrande,transportation,international-shipping,8047.549694,705.0,-5.276105,36.288295
2025,0.568011548,Puerto De La San Carlos De La Rapita,transportation,international-shipping,3963.461976,7.0,0.601116,40.617306
2025,0.563185892,Ares,transportation,domestic-shipping,11087.8455,678.0,-8.237995,43.421992
2025,0.552382989,Conil,transportation,domestic-shipping,3997.588056,161.0,-6.136665,36.294695
2025,0.543985926,St Antoni De Portmany,transportation,international-shipping,12657.04893,156.0,1.297995,38.975992
2025,0.542843401,Puerto De Las Galletas,transportation,international-shipping,42701.02635,107.0,-16.635968,28.014159
2025,0.535999723,San Jose,transportation,international-shipping,2243.851502,3.0,-2.102495,36.762195
2025,0.522203432,Vitoria Airport,transportation,international-aviation,1653.066378,662.0,-2.72447,42.882801
2025,0.472268007,Ons,transportation,international-shipping,3793.985035,94.0,-8.928995,42.376992
2025,0.471809869,Palma de Mallorca Airport,transportation,domestic-aviation,68854.53527,73789.0,2.73881,39.551701
2025,0.471765485,S'Estanyol de Migjorn,transportation,international-shipping,2420.865228,15.0,2.918605,39.359695
2025,0.471205576,San Esteban De Pravia,transportation,domestic-shipping,17002.90924,875.0,-6.116517,43.560381
2025,0.470498919,Puerto De La Estaca,transportation,international-shipping,5967.453308,17.0,-17.901938,27.784161
2025,0.432522284,Mutriku,transportation,domestic-shipping,20687.33657,1153.0,-2.382215,43.307795
2025,0.431626991,Erandio Biscay,transportation,international-shipping,1937.925476,4.0,-2.980964,43.311348
2025,0.430116896,Colonia de Sant Jordi,transportation,international-shipping,19922.19814,156.0,2.997995,39.315995
2025,0.429389103,San Vicente do Grove,transportation,domestic-shipping,5044.013444,1287.0,-8.918885,42.457495
2025,0.429334021,F.G.L. Airport Granada-Jaén Airport,transportation,international-aviation,1359.082671,448.0,-3.77736,37.188702
2025,0.428778984,Laxe,transportation,domestic-shipping,44832.44933,2619.0,-9.002495,43.222795
2025,0.403133795,Sa Rapita,transportation,domestic-shipping,3024.237292,326.0,2.953325,39.361395
2025,0.380448543,Ifach,transportation,international-shipping,11563.66464,23.0,0.069863,38.638975
2025,0.364482882,Fornells,transportation,international-shipping,19231.87564,207.0,4.130995,40.054995
2025,0.363239498,Illa de Arousa,transportation,international-shipping,9851.616929,19.0,-8.866105,42.566095
2025,0.346309044,Sevilla Airport,transportation,domestic-aviation,50539.31641,28775.0,-5.89311,37.417999
2025,0.335017976,Badolona,transportation,international-shipping,18588.77519,135.0,2.239995,41.429992
2025,0.333345493,Ares,transportation,international-shipping,6118.158181,20.0,-8.237995,43.421992
2025,0.329198415,Málaga-Costa del Sol Airport,transportation,domestic-aviation,48042.24186,32981.0,-4.49911,36.6749
2025,0.328917665,Muxia,transportation,international-shipping,35796.84502,222.0,-9.197497,43.115992
2025,0.328546296,Ribeira,transportation,international-shipping,20219.16795,69.0,-8.999997,42.539992
2025,0.328159612,La Azohia,transportation,international-shipping,8512.918705,51.0,-1.171105,37.552495
2025,0.303199504,Malpica de Bergantinos,transportation,domestic-shipping,25211.18305,2087.0,-8.806935,43.322795
2025,0.301907059,San Jose,transportation,domestic-shipping,956.7263054,11.0,-2.102495,36.762195
2025,0.300024765,Bilbao Airport,transportation,domestic-aviation,43784.72585,26624.0,-2.91061,43.301102
2025,0.296644832,Chipiona,transportation,international-shipping,9994.64244,70.0,-6.429435,36.746095
2025,0.295741659,Roda de Bara,transportation,international-shipping,1028.81381,4.0,1.484995,41.167995
2025,0.292688192,Fontan,transportation,domestic-shipping,1184.455251,28.0,-8.246995,43.361992
2025,0.289295527,Almerimar,transportation,international-shipping,19823.52425,195.0,-2.792115,36.696996
2025,0.259778579,l'Escala,transportation,international-shipping,7143.511545,216.0,3.147775,42.117795
2025,0.257119691,Navia,transportation,domestic-shipping,3670.934767,391.0,-6.724165,43.542795
2025,0.248553541,Vigo Airport,transportation,international-aviation,786.8111863,327.0,-8.62677,42.2318
2025,0.244405213,Caleta Del Sebo Harbor,transportation,international-shipping,24435.96856,153.0,-13.477078,29.225966
2025,0.23603737,Marina de las Dunas,transportation,domestic-shipping,2389.009685,694.0,-0.644995,38.108995
2025,0.231899058,Puerto Banus,transportation,international-shipping,8010.282841,301.0,-4.955074,36.48634
2025,0.227405636,Sitges Aiguadolc,transportation,international-shipping,2329.940609,13.0,1.823885,41.233595
2025,0.226478222,César Manrique-Lanzarote Airport,transportation,domestic-aviation,33051.56116,33957.0,-13.6052,28.945499
2025,0.224717909,Hondarribia,transportation,international-shipping,17349.76791,577.0,-1.79158,43.385623
2025,0.217915664,Santiago-Rosalía de Castro Airport,transportation,domestic-aviation,31801.96669,17015.0,-8.41514,42.896301
2025,0.215830195,Puerto De Playa De Santiago,transportation,international-shipping,24069.5351,77.0,-17.197495,28.026938
2025,0.213593858,A Pasaxe,transportation,domestic-shipping,6244.621303,1045.0,-8.853594,41.886429
2025,0.21342149,Porto De Corme,transportation,domestic-shipping,22077.89546,1197.0,-8.963995,43.261992
2025,0.19681856,Esteiro,transportation,domestic-shipping,2314.930356,118.0,-8.977775,42.788095
2025,0.195478292,Valencia Airport,transportation,domestic-aviation,28527.5231,23829.0,-0.481625,39.4893
2025,0.193176403,Benecario,transportation,international-shipping,5116.432096,5.0,0.431995,40.412992
2025,0.185113579,Ayamonte,transportation,international-shipping,702.4389177,38.0,-7.40455,37.21416
2025,0.180192846,Marina de Cala d Or,transportation,international-shipping,6938.98212,52.0,3.223055,39.370595
2025,0.179877994,Ginesta,transportation,international-shipping,7787.27761,64.0,1.924435,41.258295
2025,0.176761651,Isla Del Moral,transportation,international-shipping,13206.72864,449.0,-7.339995,37.187995
2025,0.175433557,l'Estartit,transportation,international-shipping,6081.009008,245.0,3.204435,42.052795
2025,0.170517048,Castro-Urdiales,transportation,international-shipping,5135.235063,13.0,-3.214716,43.380824
2025,0.15953166,Ibiza Airport,transportation,domestic-aviation,23281.57815,31970.0,1.37312,38.872898
2025,0.158707208,Orio,transportation,domestic-shipping,7359.496,378.0,-2.127495,43.283895
2025,0.154488525,Burriana,transportation,international-shipping,2663.241275,10.0,-0.060412,39.872058
2025,0.15153886,Alicante-Elche Miguel Hernández Airport,transportation,domestic-aviation,22115.13248,17263.0,-0.558156,38.2822
2025,0.143125811,Fuerteventura Airport,transportation,domestic-aviation,20887.35708,24520.0,-13.8638,28.4527
2025,0.139475562,Muros,transportation,international-shipping,10904.99317,77.0,-9.056384,42.775271
2025,0.130720438,Marbella,transportation,international-shipping,3541.183231,70.0,-4.874395,36.505993
2025,0.13049256,Blanes,transportation,international-shipping,4471.911025,62.0,2.799995,41.672992
2025,0.130408555,Arenys de Mar,transportation,international-shipping,5503.169529,60.0,2.55921,41.576895
2025,0.12949039,Puerto De Javea,transportation,international-shipping,6898.769804,45.0,0.186188,38.797104
2025,0.128792586,Asturias Airport,transportation,domestic-aviation,18795.6086,10916.0,-6.03462,43.563599
2025,0.123421396,San Feliu De Guixols,transportation,international-shipping,5620.453721,56.0,3.033049,41.779698
2025,0.116079818,Laredo,transportation,international-shipping,6631.184005,69.0,-3.417995,43.416992
2025,0.115877601,Port de la Selva,transportation,international-shipping,3657.313167,150.0,3.201995,42.339995
2025,0.115787265,Es Pelats,transportation,international-shipping,5607.842272,52.0,3.463995,39.709995
2025,0.114104005,Roquetas De Mar,transportation,international-shipping,4269.932518,51.0,-2.604995,36.755992
2025,0.110559263,Petro,transportation,international-shipping,3836.796774,17.0,3.209435,39.360295
2025,0.107347829,Estapona,transportation,international-shipping,6027.77238,498.0,-5.156995,36.413995
2025,0.106548391,San Sebastián Airport,transportation,international-aviation,337.2853403,200.0,-1.79061,43.356499
2025,0.105538536,Tenerife Sur Airport,transportation,domestic-aviation,15401.98147,11782.0,-16.5725,28.0445
2025,0.103995932,Cedeira,transportation,international-shipping,9003.681256,63.0,-8.067495,43.657195
2025,0.103736549,Menorca Airport,transportation,domestic-aviation,15139.00473,20241.0,4.21865,39.862598
2025,0.100350807,Barbate,transportation,international-shipping,8981.909633,109.0,-5.930995,36.185993
2025,0.097328065,Aguadulce,transportation,international-shipping,5267.635538,20.0,-2.560555,36.814695
2025,0.096130128,Moraira,transportation,international-shipping,1970.541309,16.0,0.136662,38.686095
2025,0.091752563,Villaricos,transportation,international-shipping,1839.467275,7.0,-1.771939,37.246102
2025,0.09109265,Cala en Bosc,transportation,international-shipping,2589.163874,25.0,3.834715,39.928295
2025,0.085976779,Fisterra,transportation,international-shipping,6837.203791,44.0,-9.259995,42.908095
2025,0.083111334,Aguilas,transportation,international-shipping,3436.687777,20.0,-1.561485,37.401574
2025,0.083068492,A Coruña Airport,transportation,domestic-aviation,12122.76982,8099.0,-8.37726,43.302101
2025,0.083043688,Vigo Airport,transportation,domestic-aviation,12119.14991,8152.0,-8.62677,42.2318
2025,0.081388015,Getaria,transportation,international-shipping,3115.35967,62.0,-2.198995,43.304992
2025,0.081294394,F.G.L. Airport Granada-Jaén Airport,transportation,domestic-aviation,11863.86314,8475.0,-3.77736,37.188702
2025,0.081210747,Fuengirola,transportation,international-shipping,6660.60363,174.0,-4.609995,36.539993
2025,0.080897864,Morro Del Jable Harbor,transportation,international-shipping,8356.548925,24.0,-14.36169,28.049355
2025,0.079007744,Puerto De La Restinga,transportation,international-shipping,3702.041448,8.0,-17.981105,27.639994
2025,0.075110533,Corcubion,transportation,international-shipping,386.5851822,2.0,-9.184021,42.945242
2025,0.073077699,San Javier,transportation,international-shipping,2308.437319,18.0,-0.743995,37.746993
2025,0.068835734,Puertod De El Chorrillo,transportation,international-shipping,10956.01596,32.0,-16.321662,28.400826
2025,0.067478786,Fornells,transportation,international-shipping,2211.77572,45.0,3.216935,41.938295
2025,0.066900201,Mataro,transportation,international-shipping,2384.129592,17.0,2.445995,41.528995
2025,0.065702972,Premia,transportation,international-shipping,7497.909136,51.0,2.367995,41.488995
2025,0.064070468,Club Nautico Alicante Costa Blanca,transportation,international-shipping,2945.082109,17.0,-0.438995,38.360995
2025,0.061706299,Puerto De Vinaros,transportation,international-shipping,2167.948857,13.0,0.476105,40.462214
2025,0.060223023,Ca n Pastilla,transportation,domestic-shipping,1228.566483,93.0,2.715555,39.533095
2025,0.057677104,Corralejo Harbor,transportation,international-shipping,4393.601885,19.0,-13.861356,28.741383
2025,0.052500145,La Palma Airport,transportation,domestic-aviation,7661.715774,21622.0,-17.7556,28.626499
2025,0.049758261,Marina del Este,transportation,international-shipping,2803.795141,36.0,-3.726105,36.726395
2025,0.049490032,Los Cuarteros,transportation,international-shipping,2446.261981,8.0,-0.750995,37.821993
2025,0.047179935,Puero De Tarajal,transportation,international-shipping,6157.490491,20.0,-17.943328,28.643883
2025,0.046041065,Palos Marina,transportation,international-shipping,4133.635875,16.0,-0.701105,37.631695
2025,0.046025034,El Planet,transportation,international-shipping,974.4449112,7.0,-0.053995,38.586992
2025,0.044559383,Arsenal dl la Carraca,transportation,international-shipping,889.1543622,6.0,-6.178995,36.494995
2025,0.044253221,Puerto De Mogan,transportation,international-shipping,7591.284671,15.0,-15.764995,27.816938
2025,0.04417387,Addaya,transportation,international-shipping,4141.608325,42.0,4.197995,40.006995
2025,0.043855823,Lekeitio,transportation,international-shipping,2336.532846,18.0,-2.501105,43.364695
2025,0.043781293,Puerto De La Puntilla,transportation,international-shipping,5837.4587,26.0,-17.332217,28.080549
2025,0.043267784,Seve Ballesteros-Santander Airport,transportation,domestic-aviation,6314.372294,4873.0,-3.82001,43.427101
2025,0.042006924,Marina El Rompido,transportation,international-shipping,1819.261584,80.0,-7.129165,37.215795
2025,0.039995245,Jerez Airport,transportation,domestic-aviation,5836.787588,4172.0,-6.06011,36.744598
2025,0.036229649,Deportive de la Duquesa,transportation,international-shipping,2324.252148,153.0,-5.228995,36.354995
2025,0.035800556,San Sebastián Airport,transportation,domestic-aviation,5224.627137,3884.0,-1.79061,43.356499
2025,0.034998064,Puerto De Santa Maria,transportation,international-shipping,1341.557255,8.0,-6.237899,36.586866
2025,0.032339474,La Linea,transportation,international-shipping,1435.94992,40.0,-5.358948,36.158884
2025,0.030379152,Punta Misiera,transportation,international-shipping,1393.072028,10.0,-5.264995,43.514995
2025,0.028820038,"Refineria de bp Energia Espanya,Grao de Castellon",transportation,international-shipping,534.8279101,4.0,0.017268,39.949739
2025,0.028510029,Masnou,transportation,international-shipping,1284.457724,10.0,2.313055,41.474995
2025,0.027030816,Llanca,transportation,international-shipping,1292.035776,66.0,3.162495,42.372795
2025,0.026626008,Zaragoza Airport,transportation,domestic-aviation,3885.720708,2082.0,-1.04155,41.666199
2025,0.0259335,Cabo Roig,transportation,international-shipping,2070.250806,15.0,-0.725995,37.911995
2025,0.025833987,Malpica de Bergantinos,transportation,international-shipping,1224.027119,11.0,-8.806935,43.322795
2025,0.024204218,Melilla Airport,transportation,domestic-aviation,3532.291878,10927.0,-2.955906,35.286041
2025,0.023993891,Almería Airport,transportation,domestic-aviation,3501.597377,5003.0,-2.3701,36.843899
2025,0.023752565,Caleta De Velez,transportation,international-shipping,925.987183,22.0,-4.069995,36.746993
2025,0.02370424,San Esteban De Pravia,transportation,international-shipping,869.0593272,8.0,-6.116517,43.560381
2025,0.023017641,Garraf,transportation,international-shipping,2166.470118,9.0,1.899995,41.249995
2025,0.022740886,Portosin,transportation,international-shipping,3311.395427,16.0,-8.975003,42.745491
2025,0.022620414,Moana,transportation,international-shipping,368.4697895,29.0,-8.735825,42.274195
2025,0.020829661,Club Nautic Hospitalet Vandellos,transportation,international-shipping,181.4980678,1.0,0.927995,40.987995
2025,0.020718826,Puerto De Santiago,transportation,international-shipping,1503.514352,10.0,-16.842217,28.247215
2025,0.020627005,Club Nautico de Oropesa del Mar,transportation,domestic-shipping,58.79660761,22.0,0.133995,40.075995
2025,0.0203225,Pamplona Airport,transportation,domestic-aviation,2965.805546,2564.0,-1.64633,42.77
2025,0.018617179,Mutriku,transportation,international-shipping,1258.041714,32.0,-2.382215,43.307795
2025,0.018048155,Adra,transportation,international-shipping,1880.879232,35.0,-3.027215,36.739004
2025,0.017894836,Ca n Pastilla,transportation,international-shipping,1049.245317,6.0,2.715555,39.533095
2025,0.015613493,Laxe,transportation,international-shipping,1383.954682,11.0,-9.002495,43.222795
2025,0.015589539,Balis,transportation,international-shipping,1158.286736,8.0,2.505995,41.556995
2025,0.014979459,Erandio Biscay,transportation,domestic-shipping,89.60220397,12.0,-2.980964,43.311348
2025,0.014845451,Cambrils,transportation,international-shipping,184.459014,2.0,1.063995,41.059992
2025,0.013987173,Región de Murcia International Airport,transportation,domestic-aviation,2041.246668,960.0,-1.125,37.803
2025,0.013321662,Mazarron,transportation,international-shipping,905.3499763,7.0,-1.256937,37.562771
2025,0.012215429,Vitoria Airport,transportation,domestic-aviation,1782.683538,1306.0,-2.72447,42.882801
2025,0.011231062,As Cortes,transportation,domestic-shipping,237.0398731,33.0,-8.823995,42.646992
2025,0.010926812,Badajoz Airport,transportation,domestic-aviation,1594.626567,1916.0,-6.82133,38.8913
2025,0.009844089,Sa Rapita,transportation,international-shipping,372.5571952,3.0,2.953325,39.361395
2025,0.009841731,Gran Tarajal Harbor,transportation,international-shipping,1922.212273,9.0,-14.02555,28.207215
2025,0.009435379,Santona,transportation,international-shipping,900.1469543,8.0,-3.462995,43.440995
2025,0.008829733,Marina Greenwich,transportation,international-shipping,629.8789132,4.0,-0.001999,38.628995
2025,0.008673003,El Hierro Airport,transportation,domestic-aviation,1265.712416,5788.0,-17.8871,27.8148
2025,0.008430716,A Pobra do Caraminal,transportation,domestic-shipping,273.5471244,39.0,-8.934165,42.606395
2025,0.008395995,Hondbarribia,transportation,international-shipping,416.7477351,20.0,-1.79696,43.363074
2025,0.008251221,Porto De Corme,transportation,international-shipping,1331.62992,10.0,-8.963995,43.261992
2025,0.008171052,Valladolid Airport,transportation,domestic-aviation,1192.459109,568.0,-4.85194,41.7061
2025,0.008140198,Peirao de Sardineiro,transportation,international-shipping,269.0649377,1.0,-9.232995,42.937995
2025,0.008064544,Club Nautic L'Ametlla de Mar,transportation,international-shipping,661.7323308,6.0,0.801995,40.880995
2025,0.007736729,Vilanova de Arousa,transportation,domestic-shipping,89.36521992,17.0,-8.832215,42.563595
2025,0.007670356,León Int'l Airport,transportation,domestic-aviation,1119.389042,930.0,-5.65556,42.589001
2025,0.007558153,San Vicente de la Barquera,transportation,international-shipping,472.1314955,5.0,-4.396105,43.386395
2025,0.007424964,Carboneras,transportation,international-shipping,538.3660755,3.0,-1.897254,36.990465
2025,0.007208009,Valladolid Airport,transportation,international-aviation,22.81738488,10.0,-4.85194,41.7061
2025,0.006833228,A Pasaxe,transportation,international-shipping,939.2213239,52.0,-8.853594,41.886429
2025,0.006754518,Candado,transportation,international-shipping,749.2390988,2.0,-4.345275,36.714195
2025,0.006599026,Isla Cristina,transportation,international-shipping,270.903054,7.0,-7.329995,37.195995
2025,0.005971843,Torredembarra,transportation,international-shipping,440.1102469,5.0,1.402495,41.134695
2025,0.005866885,Bonanza,transportation,international-shipping,413.2882708,10.0,-6.329995,36.799993
2025,0.005855411,Badajoz Airport,transportation,international-aviation,18.53565631,6.0,-6.82133,38.8913
2025,0.005500863,Pen scola,transportation,international-shipping,528.2892357,5.0,0.404438,40.355795
2025,0.005210246,Villajoyosa,transportation,international-shipping,560.2282416,3.0,-0.217772,38.507495
2025,0.005043342,Freixo,transportation,international-shipping,95.39404666,2.0,-8.944435,42.794995
2025,0.00498989,León Int'l Airport,transportation,international-aviation,15.79579818,22.0,-5.65556,42.589001
2025,0.00454132,Zumaia,transportation,international-shipping,613.2656442,11.0,-2.252215,43.296695
2025,0.003888348,Benidorm,transportation,international-shipping,14.44844532,1.0,-0.132773,38.534437
2025,0.003840526,Esteiro,transportation,international-shipping,281.7576828,1.0,-8.977775,42.788095
2025,0.003746406,La Gomera Airport,transportation,domestic-aviation,546.739334,2920.0,-17.2146,28.0296
2025,0.003635292,Orio,transportation,international-shipping,226.7496702,4.0,-2.127495,43.283895
2025,0.00357331,El Campello,transportation,international-shipping,152.3657712,1.0,-0.384718,38.430295
2025,0.003515779,Córdoba Airport,transportation,domestic-aviation,513.0823605,253.0,-4.84888,37.841999
2025,0.003333628,Salou,transportation,international-shipping,493.5630397,4.0,1.131105,41.073595
2025,0.002727496,Castellón-Costa Azahar Airport,transportation,domestic-aviation,398.0427169,619.0,0.073333,40.213889
2025,0.002158538,Pamplona Airport,transportation,international-aviation,6.832983449,4.0,-1.64633,42.77
2025,0.002053188,Peirao de Sardineiro,transportation,domestic-shipping,17.61620193,4.0,-9.232995,42.937995
2025,0.001937378,Puerto De Las Nieves,transportation,international-shipping,422.5835777,1.0,-15.711104,28.100272
2025,0.00173316,La Manga,transportation,international-shipping,124.3505122,1.0,-0.732217,37.662195
2025,0.001405525,Lleida-Alguaire Airport,transportation,domestic-aviation,205.1180941,362.0,0.535023,41.728185
2025,0.001334414,Albacete Airport / Los Llanos Air Base,transportation,international-aviation,4.224166982,4.0,-1.86352,38.948502
2025,0.001304686,San Vicente do Grove,transportation,international-shipping,249.5876754,4.0,-8.918885,42.457495
2025,0.001283709,Logroño-Agoncillo Airport,transportation,domestic-aviation,187.3406926,545.0,-2.322235,42.460953
2025,0.001267033,Segur Calafell,transportation,international-shipping,233.8959735,2.0,1.606935,41.186695
2025,0.001228339,Logroño-Agoncillo Airport,transportation,international-aviation,3.888381313,3.0,-2.322235,42.460953
2025,0.001109256,Salamanca Airport,transportation,domestic-aviation,161.8816021,110.0,-5.50199,40.952099
2025,0.001036905,A Pobra do Caraminal,transportation,international-shipping,119.376491,2.0,-8.934165,42.606395
2025,0.001034846,Pirineus - la Seu d'Urgel Airport,transportation,domestic-aviation,151.0223024,418.0,1.40917,42.3386
2025,0.000992407,Cabo de Cruz,transportation,domestic-shipping,43.16520179,6.0,-8.888995,42.615995
2025,0.000811693,Lleida-Alguaire Airport,transportation,international-aviation,2.569463247,2.0,0.535023,41.728185
2025,0.00077215,Salamanca Airport,transportation,international-aviation,2.444286326,2.0,-5.50199,40.952099
2025,0.000665922,Club Nautico de Oropesa del Mar,transportation,international-shipping,3.082514048,6.0,0.133995,40.075995
2025,0.000645886,Escarabote,transportation,domestic-shipping,22.53683711,3.0,-8.901385,42.636395
2025,0.000459342,Marina de las Dunas,transportation,international-shipping,141.804583,1.0,-0.644995,38.108995
2025,0.000313293,Girona-Costa Brava Airport,transportation,domestic-aviation,45.72103057,58.0,2.761774,41.904639
2025,0.000204592,Reus Airport,transportation,domestic-aviation,29.85747812,77.0,1.16717,41.1474
2025,0.000157138,Burgos Airport,transportation,domestic-aviation,22.93220343,24.0,-3.62076,42.357601
2025,3.97e-05,Aguete,transportation,domestic-shipping,4.955947426,2.0,-8.735275,42.374995
2025,1.06e-05,Huesca-Pirineos Airport,transportation,domestic-aviation,1.541897093,2.0,-0.316667,42.076099
2026,438.4634102,puerto de Algericas,transportation,international-shipping,402238.0786,1892.0,-5.436031,36.133218
2026,386.9093523,Valencia,transportation,international-shipping,288195.137,318.0,-0.318051,39.447076
2026,253.2201828,Las Palmas,transportation,international-shipping,637595.1867,489.0,-15.412818678520761,28.135008336140746
2026,178.1133417,Barcelona,transportation,international-shipping,271537.2022,445.0,2.162426,41.341345
2026,120.759519,Cerro le La Campa Cartagena,transportation,international-shipping,197782.8861,137.0,-0.962364,37.568816
2026,117.4120543,Tarragona,transportation,international-shipping,203882.8098,166.0,1.220241,41.100184
2026,110.1346903,Santurce,transportation,international-shipping,192467.8899,231.0,-3.045449,43.345186
2026,98.48607088,Las Palmas,transportation,domestic-shipping,124887.2181,4616.0,-15.412818678520761,28.135008336140746
2026,76.26105592,Barcelona,transportation,domestic-shipping,82529.23708,4629.0,2.162426,41.341345
2026,65.48744288,Valencia,transportation,domestic-shipping,69550.41491,2501.0,-0.318051,39.447076
2026,64.72867637,Tenerife,transportation,domestic-shipping,85558.79809,3401.0,-16.228599,28.486438
2026,63.7727535,Vigo,transportation,international-shipping,89553.74631,148.0,-8.731398,42.239748
2026,57.12002463,Malaga,transportation,international-shipping,39730.73624,50.0,-4.417914,36.713063
2026,54.8656497,Ceuta,transportation,international-shipping,199519.6526,290.0,-5.311999,35.893569
2026,54.09257966,Tenerife,transportation,international-shipping,63906.02761,90.0,-16.228599,28.486438
2026,49.36102213,puerto de Algericas,transportation,domestic-shipping,64658.08588,6039.0,-5.436031,36.133218
2026,45.47084533,Grao de Castellon,transportation,international-shipping,90303.48436,87.0,0.013483,39.962474
2026,45.16084013,Huelva,transportation,international-shipping,110377.6336,127.0,-6.929750509775859,37.19103344063563
2026,39.36923043,Palma,transportation,domestic-shipping,36161.71329,1261.0,2.6352803775815743,39.56132037316736
2026,36.90731801,Port de Sagunt,transportation,international-shipping,92615.76081,101.0,-0.214159,39.642187
2026,34.5498968,Arrecife,transportation,domestic-shipping,34605.27128,962.0,-13.534422,28.956938
2026,34.39998088,Madrid Province,transportation,road-transportation,2889551931.0,31414.98239,-3.76884780075516,40.522186280000106
2026,33.31034741,Guadarranque,transportation,international-shipping,62628.57458,64.0,-5.401886,36.177855
2026,30.15077112,Gijon,transportation,international-shipping,71707.83108,88.0,-5.690267,43.560191
2026,28.16094348,Santander,transportation,international-shipping,73695.32569,131.0,-3.8193929192501033,43.446970091055775
2026,27.76655783,Cadiz,transportation,domestic-shipping,31329.31143,529.0,-6.282388232161369,36.53474103561715
2026,27.67678269,Exterior da la Coruna,transportation,international-shipping,42670.41317,29.0,-8.51501,43.344143
2026,25.69877371,Tarragona,transportation,domestic-shipping,38395.07171,1421.0,1.220241,41.100184
2026,25.68895832,Cerro le La Campa Cartagena,transportation,domestic-shipping,35384.62731,1019.0,-0.962364,37.568816
2026,24.82416309,Barcelona Province,transportation,road-transportation,2085196170.0,34010.76628,2.0312108587995072,41.7583713535001
2026,23.48903653,Puerto De Santa Cruz De La Palma,transportation,domestic-shipping,23343.57419,881.0,-17.766154,28.673084
2026,23.2990766,Huelva,transportation,domestic-shipping,40642.8539,1060.0,-6.929750509775859,37.19103344063563
2026,23.12025115,Puerto Del Rosario,transportation,domestic-shipping,14316.38641,542.0,-13.856661,28.495272
2026,21.81182632,Malaga,transportation,domestic-shipping,26846.59221,519.0,-4.417914,36.713063
2026,20.1582377,Aviles,transportation,international-shipping,58382.48521,71.0,-5.925238,43.580208
2026,19.57540991,Santurce,transportation,domestic-shipping,23317.15042,536.0,-3.045449,43.345186
2026,17.46801678,Valencia Province,transportation,road-transportation,1467289816.0,35622.46562,-0.7972164061750873,39.33421308850009
2026,16.63477828,Cadiz,transportation,international-shipping,15930.77432,31.0,-6.282388232161369,36.53474103561715
2026,16.59854434,A Coruna,transportation,international-shipping,37187.323,80.0,-8.399677,43.362569
2026,16.3378354,Murcia Province,transportation,road-transportation,1372356107.0,33913.38627,-1.671337066439492,38.062816619500126
2026,15.94576916,Ibiza,transportation,domestic-shipping,29433.07695,1918.0,1.448564,38.906425
2026,14.85015868,Palma,transportation,international-shipping,18463.26576,39.0,2.6352803775815743,39.56132037316736
2026,14.31681728,Alicante Province,transportation,road-transportation,1202593314.0,30621.07569,-0.7490538943273265,38.36546350150013
2026,14.16265273,Ceuta,transportation,domestic-shipping,25198.4573,2055.0,-5.311999,35.893569
2026,13.67044578,Vigo,transportation,domestic-shipping,19604.56415,372.0,-8.731398,42.239748
2026,12.73140196,Guadarranque,transportation,domestic-shipping,14889.49292,330.0,-5.401886,36.177855
2026,12.38829517,A Coruña Province,transportation,road-transportation,1040600061.0,45172.31598,-8.580651201226326,43.15250000000012
2026,12.38076857,Seville,transportation,international-shipping,37446.61923,46.0,-6.005184,37.341761
2026,11.78639179,Sevilla Province,transportation,road-transportation,990040990.7,21718.3069,-5.650463713465193,37.51887356600005
2026,11.03103473,Málaga Province,transportation,road-transportation,926592018.5,20929.48769,-4.545060535891765,36.7924575805001
2026,11.02804849,Alicante,transportation,domestic-shipping,21028.18046,458.0,-0.494029,38.333963
2026,10.7716831,Seville,transportation,domestic-shipping,18151.48037,270.0,-6.005184,37.341761
2026,10.13482451,Pontevedra Province,transportation,road-transportation,851311570.0,30735.23926,-8.534215909656234,42.36472299950012
2026,10.12273023,Port de Sagunt,transportation,domestic-shipping,20622.30977,287.0,-0.214159,39.642187
2026,10.04362901,Toledo Province,transportation,road-transportation,843651271.1,22024.19502,-4.103428607533116,39.7881469725001
2026,9.965114906,Marin,transportation,international-shipping,24904.60809,30.0,-8.697616,42.399379
2026,9.880294007,Garrucha,transportation,international-shipping,23142.94731,23.0,-1.817357,37.182752
2026,9.299798675,Zaragoza Province,transportation,road-transportation,781170527.8,19116.59812,-1.1697709965256755,41.83966064500015
2026,9.260076947,Asturias Province,transportation,road-transportation,777833956.3,33624.25406,-5.85352989556379,43.273590087500025
2026,9.041246411,Puerto De Playa De Fanabe,transportation,domestic-shipping,18747.41823,1959.0,-16.726233,28.062943
2026,8.658205592,Lugo Province,transportation,road-transportation,727277575.4,40191.3954,-7.456360995692844,43.039630890000126
2026,8.606544024,Puerto De San Sebastian De La Gomera,transportation,domestic-shipping,12609.99766,1190.0,-17.106584,28.088049
2026,8.46126028,Almeria,transportation,international-shipping,18449.01854,126.0,-2.472758,36.83248
2026,8.217092344,Arrecife,transportation,international-shipping,37034.64923,61.0,-13.534422,28.956938
2026,8.088455883,Melilla,transportation,domestic-shipping,7277.189339,254.0,-2.932897,35.285859
2026,7.987237962,Pasajes,transportation,international-shipping,42679.90018,90.0,-1.950032,43.324605
2026,7.652298658,Granada Province,transportation,road-transportation,642782751.6,19732.66709,-3.238942254923356,37.38922691350009
2026,7.397025278,Cádiz Province,transportation,road-transportation,621340132.5,16229.87086,-5.900672801085365,36.526109695500054
2026,7.247982401,León Province,transportation,road-transportation,608820732.1,22027.70255,-5.971272670301904,42.63412094150013
2026,7.232308364,Baleares Province,transportation,road-transportation,607504134.2,20004.14666,2.8798615590000907,39.61305452000008
2026,7.059071729,Burgos Province,transportation,road-transportation,592952490.8,18730.52205,-3.677223011986082,42.32509040800004
2026,6.943478131,Tarragona Province,transportation,road-transportation,583242784.7,17653.75996,0.6258435927443824,41.052778243500114
2026,6.923948385,Motril,transportation,international-shipping,17455.27014,82.0,-3.519124,36.734181
2026,6.626196302,Las Palmas Province,transportation,road-transportation,556591539.6,12874.86074,-15.605971858999936,27.958055496500094
2026,6.619734494,Navarra Province,transportation,road-transportation,556048756.4,16203.44535,-1.8393284876650535,42.61185067150011
2026,6.612925757,Cantabria Province,transportation,road-transportation,555476831.8,17170.6877,-4.263470109485208,43.13639831550009
2026,6.530479767,Badajoz Province,transportation,road-transportation,548551479.9,22823.5337,-6.221068240773418,38.69645881650007
2026,6.292413387,Ourense Province,transportation,road-transportation,528554225.6,24709.64916,-7.53721936116848,42.19283866850006
2026,6.278122161,Girona Province,transportation,road-transportation,527353781.9,16821.83549,2.8369904067666276,42.0729329640001
2026,6.210898899,Ciudad Real Province,transportation,road-transportation,521707118.7,18353.4002,-3.883169471189615,38.958520889000056
2026,6.190068474,Almería Province,transportation,road-transportation,519957391.1,16979.75896,-2.188809025562483,37.29833412250005
2026,5.975452989,Cuenca Province,transportation,road-transportation,501929980.2,16427.41941,-2.1531717786788542,39.94250488300011
2026,5.967413729,Cáceres Province,transportation,road-transportation,501254693.3,19426.25577,-6.13814599789866,39.75937461800007
2026,5.778036707,Santa Cruz de Tenerife Province,transportation,road-transportation,485347279.2,13850.24419,-16.621805191499902,28.293333053500156
2026,5.74824044,Porto Ferrol,transportation,international-shipping,15966.86963,29.0,-8.327598,43.461215
2026,5.737167309,Castellón Province,transportation,road-transportation,481914305.0,15463.85849,-0.06104967888676971,40.252437592500165
2026,5.708441941,Lleida Province,transportation,road-transportation,479501412.9,18361.67227,1.1801861433147387,42.06923350000008
2026,5.707333291,Almeria,transportation,domestic-shipping,17582.77516,1182.0,-2.472758,36.83248
2026,5.704113122,Gijon,transportation,domestic-shipping,21789.47083,580.0,-5.690267,43.560191
2026,5.651768496,Puerto De Santa Cruz De La Palma,transportation,international-shipping,13660.27755,36.0,-17.766154,28.673084
2026,5.617512106,Puerto Del Rosario,transportation,international-shipping,3310.592828,18.0,-13.856661,28.495272
2026,5.616946627,Córdoba Province,transportation,road-transportation,471815930.1,18837.88003,-4.846699292215064,37.95584106400014
2026,5.551817182,Porto De Villagarcia,transportation,international-shipping,16226.79069,21.0,-8.774164,42.598047
2026,5.474499349,Alicante,transportation,international-shipping,11153.84156,37.0,-0.494029,38.333963
2026,5.44302613,Salamanca Province,transportation,road-transportation,457206843.2,15484.72683,-6.021433992788122,40.766546249500095
2026,5.431281458,Albacete Province,transportation,road-transportation,456220306.6,17856.24953,-1.9549596399683145,38.72314643850012
2026,5.196787172,Valladolid Province,transportation,road-transportation,436523103.3,11420.81946,-4.697193412703777,41.704347369500084
2026,5.194072907,Huesca Province,transportation,road-transportation,436295108.8,15930.8925,-0.028993948674146175,42.13632948600005
2026,5.036946347,Vizcaya Province,transportation,road-transportation,423096689.9,8288.287236,-2.852004148292613,43.238744736000086
2026,4.753929564,Jaén Province,transportation,road-transportation,399323662.4,17142.73769,-3.4928591505760718,37.955600739500085
2026,4.554641977,A Coruna,transportation,domestic-shipping,30068.67855,1035.0,-8.399677,43.362569
2026,4.461025552,Grao de Castellon,transportation,domestic-shipping,9630.525778,471.0,0.013483,39.962474
2026,4.378380972,Guadalajara Province,transportation,road-transportation,367778087.9,14095.58913,-2.505668652764934,40.74032974300007
2026,4.370166506,Morro Del Jable Harbor,transportation,domestic-shipping,5585.138884,471.0,-14.36169,28.049355
2026,4.338813386,Cartagena,transportation,international-shipping,8367.013367,16.0,-0.984283,37.598198
2026,4.326923911,Teruel Province,transportation,road-transportation,363455764.3,13808.1591,-0.9226891465859627,40.60135078450011
2026,4.240330938,Zamora Province,transportation,road-transportation,356182071.6,13226.80121,-5.942875961149477,41.68618202250005
2026,4.162584373,Huelva Province,transportation,road-transportation,349651465.1,10348.57746,-6.92319106409883,37.502590179000066
2026,4.08628693,La Rioja Province,transportation,road-transportation,343242582.9,7634.057515,-2.482983307397377,42.284181595500115
2026,4.024984576,Santander,transportation,domestic-shipping,18117.72619,495.0,-3.8193929192501033,43.446970091055775
2026,3.97407638,Palencia Province,transportation,road-transportation,333817048.3,9077.691179,-4.621076910685504,42.40712547300009
2026,3.835500782,Rota,transportation,domestic-shipping,36314.44062,786.0,-6.334299,36.618066
2026,3.808860321,Litoral de Almeria power Station Coal Terminal,transportation,international-shipping,8567.098417,10.0,-1.897862,36.976527
2026,3.733049878,Aviles,transportation,domestic-shipping,25955.12611,744.0,-5.925238,43.580208
2026,3.725146338,Exterior da la Coruna,transportation,domestic-shipping,3503.32305,176.0,-8.51501,43.344143
2026,3.637147998,Guipúzcoa Province,transportation,road-transportation,305515519.3,8932.971287,-2.2041852145083523,43.14480590900007
2026,3.589300003,San Cibrao,transportation,international-shipping,13223.78625,23.0,-7.449967,43.700411
2026,3.586940136,Cangas,transportation,domestic-shipping,28940.53667,228.0,-8.784995,42.256995
2026,3.525301354,Alcudia,transportation,domestic-shipping,8624.533248,541.0,3.138051,39.835063
2026,3.315572557,Ávila Province,transportation,road-transportation,278503616.5,10058.12686,-4.834634274315016,40.62453271400011
2026,3.300823535,Denia,transportation,domestic-shipping,5659.955079,326.0,0.116179,38.84117
2026,3.250230537,Ferrol,transportation,international-shipping,23266.28672,21.0,-8.230291,43.483444
2026,3.220742258,Segovia Province,transportation,road-transportation,270537999.5,10698.09076,-4.182494348737591,41.10898399350009
2026,3.202850271,Mahon,transportation,domestic-shipping,5617.458531,250.0,4.269941,39.89012
2026,3.197060945,Cartagena,transportation,domestic-shipping,2358.423177,109.0,-0.984283,37.598198
2026,3.028005802,Soria Province,transportation,road-transportation,254348397.6,10250.17456,-2.7217771840309224,41.60160064700011
2026,3.002394014,Motril,transportation,domestic-shipping,9952.259206,951.0,-3.519124,36.734181
2026,2.913776044,Álava Province,transportation,road-transportation,244753252.2,6564.622015,-2.6820993654164864,42.84442329350017
2026,2.57537458,"Puerto de Honduras,Santa Cruz,Tenerife",transportation,international-shipping,25239.64898,29.0,-16.263226,28.449634
2026,2.496375593,Puerto Rico Harbor,transportation,domestic-shipping,7925.372991,461.0,-15.669272,27.759736
2026,2.294278122,"Puerto de Honduras,Santa Cruz,Tenerife",transportation,domestic-shipping,4266.130829,218.0,-16.263226,28.449634
2026,2.241309934,Caleta Del Sebo Harbor,transportation,domestic-shipping,3713.503581,714.0,-13.477078,29.225966
2026,2.236075642,Pasajes,transportation,domestic-shipping,14504.30482,425.0,-1.950032,43.324605
2026,2.089079561,Los Cuarteros,transportation,domestic-shipping,2218.918727,521.0,-0.750995,37.821993
2026,2.057810232,Mugardos,transportation,international-shipping,9834.496124,5.0,-8.245937,43.461153
2026,2.015135179,Puerto De La Estaca,transportation,domestic-shipping,3133.199777,186.0,-17.901938,27.784161
2026,1.934751448,Santa Pola,transportation,domestic-shipping,14041.02387,1102.0,-0.559995,38.189992
2026,1.909882621,Porto Ferrol,transportation,domestic-shipping,6058.313632,175.0,-8.327598,43.461215
2026,1.825031772,La Savina,transportation,domestic-shipping,6292.534031,550.0,1.416967,38.731797
2026,1.768984177,Hondarribia,transportation,domestic-shipping,44588.72405,165.0,-1.79158,43.385623
2026,1.677752624,Tarifa Roro Ferry,transportation,international-shipping,4616.439084,528.0,-5.603544,36.009428
2026,1.652752083,Freixo,transportation,domestic-shipping,43408.32825,4.0,-8.944435,42.794995
2026,1.587738397,Sotogrande,transportation,domestic-shipping,2359.503896,309.0,-5.276105,36.288295
2026,1.555333125,Puerto De Playa Blanca,transportation,domestic-shipping,10744.84113,1517.0,-13.824283,28.858266
2026,1.472254623,Cangas,transportation,international-shipping,28494.07025,30.0,-8.784995,42.256995
2026,1.430551935,Puerto De San Sebastian De La Gomera,transportation,international-shipping,1961.083288,12.0,-17.106584,28.088049
2026,1.382373461,Alcanar Cement Plant,transportation,domestic-shipping,27708.69904,2145.0,0.550677,40.573292
2026,1.299786404,Villajoyosa,transportation,domestic-shipping,1385.850172,190.0,-0.217772,38.507495
2026,1.281164916,Gandia,transportation,domestic-shipping,4346.630374,342.0,-0.151523,38.997631
2026,1.270574365,Mazagon,transportation,international-shipping,9626.908783,6.0,-6.830251,37.131608
2026,1.211594904,Rosas,transportation,domestic-shipping,8133.383989,805.0,3.180132,42.261537
2026,1.200395377,Sanxenxo,transportation,domestic-shipping,8618.312364,368.0,-8.812494,42.395992
2026,1.139676265,Porto De Villagarcia,transportation,domestic-shipping,1972.014356,71.0,-8.774164,42.598047
2026,1.129574661,Ginesta,transportation,domestic-shipping,843.9268487,144.0,1.924435,41.258295
2026,1.122052949,Fuengirola,transportation,domestic-shipping,3082.569578,426.0,-4.609995,36.539993
2026,1.103544732,Ciutadella De Menorca,transportation,domestic-shipping,4429.087255,245.0,3.826995,39.989992
2026,1.08593367,Litoral de Almeria power Station Coal Terminal,transportation,domestic-shipping,3098.66155,105.0,-1.897862,36.976527
2026,1.082765396,Burela,transportation,domestic-shipping,51466.6033,972.0,-7.351385,43.653742
2026,1.06086353,Benalmadena,transportation,domestic-shipping,3588.557388,446.0,-4.510995,36.593993
2026,0.984867462,Estapona,transportation,domestic-shipping,2396.010064,418.0,-5.156995,36.413995
2026,0.984216349,Chipiona,transportation,domestic-shipping,5562.644582,176.0,-6.429435,36.746095
2026,0.95956704,Puerto De Salinetas,transportation,domestic-shipping,2290.669587,206.0,-15.372634,27.983048
2026,0.935805214,Mazagon,transportation,domestic-shipping,10534.15647,310.0,-6.830251,37.131608
2026,0.930426746,l'Estartit,transportation,domestic-shipping,129.0141872,35.0,3.204435,42.052795
2026,0.895221782,El Planet,transportation,domestic-shipping,13330.72007,1149.0,-0.053995,38.586992
2026,0.87890926,Gandia,transportation,international-shipping,3113.058105,5.0,-0.151523,38.997631
2026,0.847174728,El Barquito Harbor,transportation,domestic-shipping,5748.348495,352.0,-13.703327,28.916661
2026,0.832356572,Mazarron,transportation,domestic-shipping,1814.505566,160.0,-1.256937,37.562771
2026,0.824187451,Baiona,transportation,international-shipping,28166.46288,27.0,-8.843995,42.120995
2026,0.814957799,Tarifa Roro Ferry,transportation,domestic-shipping,3872.658725,1030.0,-5.603544,36.009428
2026,0.802799244,Corralejo Harbor,transportation,domestic-shipping,5961.906386,1118.0,-13.861356,28.741383
2026,0.776939248,Badolona,transportation,domestic-shipping,3053.07317,335.0,2.239995,41.429992
2026,0.758890351,Baiona,transportation,domestic-shipping,12497.08439,262.0,-8.843995,42.120995
2026,0.746855374,Puerto De Arinaga,transportation,international-shipping,2441.300201,7.0,-15.39941,27.845048
2026,0.74050213,Marin,transportation,domestic-shipping,1201.793593,35.0,-8.697616,42.399379
2026,0.737418516,Cambrils,transportation,domestic-shipping,5399.964802,473.0,1.063995,41.059992
2026,0.730172717,Vilanova I La Geltru,transportation,domestic-shipping,7141.645497,813.0,1.732495,41.222337
2026,0.727850166,Puerto De Las Nieves,transportation,domestic-shipping,11661.63931,1224.0,-15.711104,28.100272
2026,0.72672254,Puerto Banus,transportation,domestic-shipping,1368.438049,195.0,-4.955074,36.48634
2026,0.705431513,Alcanar Cement Plant,transportation,international-shipping,2142.918747,5.0,0.550677,40.573292
2026,0.701052235,Ferrol,transportation,domestic-shipping,2915.111987,40.0,-8.230291,43.483444
2026,0.697477263,Puerto De Las Galletas,transportation,domestic-shipping,8899.795188,679.0,-16.635968,28.014159
2026,0.679420402,Garrucha,transportation,domestic-shipping,2974.023376,250.0,-1.817357,37.182752
2026,0.675833775,Torrevieja,transportation,domestic-shipping,5061.865627,622.0,-0.684856,37.968621
2026,0.675540675,Ondarroa,transportation,domestic-shipping,20434.52709,205.0,-2.421995,43.324992
2026,0.673760351,El Toro,transportation,domestic-shipping,3322.341565,89.0,2.472495,39.498992
2026,0.639923469,Rota,transportation,international-shipping,7848.637142,22.0,-6.334299,36.618066
2026,0.637951747,Club Nautico Alicante Costa Blanca,transportation,domestic-shipping,1562.949756,109.0,-0.438995,38.360995
2026,0.628534111,Moraira,transportation,domestic-shipping,4337.384064,301.0,0.136662,38.686095
2026,0.620125166,Alcudia,transportation,international-shipping,2939.844414,8.0,3.138051,39.835063
2026,0.595526692,Ribadeo,transportation,domestic-shipping,2077.50621,100.0,-7.035133,43.534558
2026,0.590997089,Vicedo,transportation,domestic-shipping,30023.87994,393.0,-7.675995,43.736992
2026,0.539770825,Isla Del Moral,transportation,domestic-shipping,17801.02743,1372.0,-7.339995,37.187995
2026,0.48733903,Puerto De Soller,transportation,domestic-shipping,649.2719927,43.0,2.693051,39.795271
2026,0.462122,Marbella,transportation,domestic-shipping,3909.726329,325.0,-4.874395,36.505993
2026,0.446281358,Puerto De Palamos,transportation,domestic-shipping,1171.192311,93.0,3.14877,41.850578
2026,0.423791656,Almerimar,transportation,domestic-shipping,1505.013885,116.0,-2.792115,36.696996
2026,0.423679774,Carboneras Cement Plant,transportation,domestic-shipping,1388.211841,47.0,-1.89848,36.965748
2026,0.422717895,San Jose,transportation,domestic-shipping,1287.627737,145.0,1.382558,38.839985
2026,0.385855049,"Metalships and Docks Shipyard,Vigo",transportation,international-shipping,591.0743408,1.0,-8.689611,42.259053
2026,0.384760017,Ribadeo,transportation,international-shipping,4762.203876,9.0,-7.035133,43.534558
2026,0.381669905,Cabo Roig,transportation,domestic-shipping,719.0007424,72.0,-0.725995,37.911995
2026,0.377259627,Puertod De El Chorrillo,transportation,domestic-shipping,1789.544006,214.0,-16.321662,28.400826
2026,0.370047543,Barbate,transportation,domestic-shipping,2114.525981,169.0,-5.930995,36.185993
2026,0.366389028,Moana,transportation,domestic-shipping,811.1171446,114.0,-8.735825,42.274195
2026,0.354371096,Bonanza,transportation,domestic-shipping,35909.03638,2144.0,-6.329995,36.799993
2026,0.349413578,Puerto De Javea,transportation,domestic-shipping,9738.278212,665.0,0.186188,38.797104
2026,0.345547457,Puerto De Mogan,transportation,domestic-shipping,2399.533694,328.0,-15.764995,27.816938
2026,0.342977334,Port D'Andratx,transportation,domestic-shipping,2909.307492,176.0,2.387995,39.546992
2026,0.337600274,Adra,transportation,domestic-shipping,3432.583771,394.0,-3.027215,36.739004
2026,0.328115185,Garraf,transportation,domestic-shipping,679.3791546,95.0,1.899995,41.249995
2026,0.314217083,Mahon,transportation,international-shipping,2033.959387,6.0,4.269941,39.89012
2026,0.310351045,Torrevieja,transportation,international-shipping,2063.746056,3.0,-0.684856,37.968621
2026,0.306552147,Santa Eularia Des Piu,transportation,domestic-shipping,619.4169946,29.0,1.540995,38.983992
2026,0.304216675,Burela,transportation,international-shipping,4653.76799,11.0,-7.351385,43.653742
2026,0.303757779,Blanes,transportation,domestic-shipping,1256.173566,123.0,2.799995,41.672992
2026,0.29930321,Puerto De La Puntilla,transportation,domestic-shipping,1977.623267,192.0,-17.332217,28.080549
2026,0.290931919,Caleta De Velez,transportation,domestic-shipping,11663.12938,1233.0,-4.069995,36.746993
2026,0.289485675,Puerto De Viveiro,transportation,domestic-shipping,6599.182547,56.0,-7.597156,43.674226
2026,0.272811167,San Cibrao,transportation,domestic-shipping,1884.036919,124.0,-7.449967,43.700411
2026,0.260430932,"Metalships and Docks Shipyard,Vigo",transportation,domestic-shipping,88.149086,2.0,-8.689611,42.259053
2026,0.257671708,Torredembarra,transportation,domestic-shipping,912.8867301,132.0,1.402495,41.134695
2026,0.255013714,Marina del Este,transportation,domestic-shipping,586.0431635,64.0,-3.726105,36.726395
2026,0.254181516,Sanxenxo,transportation,international-shipping,9280.420585,18.0,-8.812494,42.395992
2026,0.246565477,Carino,transportation,international-shipping,2824.241791,8.0,-7.868609,43.735315
2026,0.232989363,Tarragona Coal Terminal,transportation,domestic-shipping,5338.164774,340.0,1.227029,41.092574
2026,0.228821299,Sitges Aiguadolc,transportation,domestic-shipping,271.3249124,68.0,1.823885,41.233595
2026,0.227163795,"Scrap Metal Terminal,Bilbao",transportation,international-shipping,2440.741364,6.0,-2.999184,43.315467
2026,0.224142421,Club Nautic L'Ametlla de Mar,transportation,domestic-shipping,13007.43218,1128.0,0.801995,40.880995
2026,0.217155155,Ceuta Autonomous City,transportation,road-transportation,18240739.75,286.3082411,-5.35890504518811,35.89638900850014
2026,0.20952535,S'Estanyol de Migjorn,transportation,international-shipping,51.97927933,1.0,2.918605,39.359695
2026,0.190596396,Santa Eularia Des Piu,transportation,international-shipping,215.1924091,2.0,1.540995,38.983992
2026,0.183377426,Playa Puebla De Farnasl,transportation,domestic-shipping,93.93316137,41.0,-0.282995,39.561992
2026,0.175105313,Puerto De Salinetas,transportation,international-shipping,807.7703594,3.0,-15.372634,27.983048
2026,0.171644679,El Barquito Harbor,transportation,international-shipping,7689.592048,10.0,-13.703327,28.916661
2026,0.168757138,Bermeo,transportation,international-shipping,810.4213486,3.0,-2.716802,43.417927
2026,0.162507756,Arenys de Mar,transportation,domestic-shipping,2910.654623,320.0,2.55921,41.576895
2026,0.159088216,Ifach,transportation,domestic-shipping,8349.497218,747.0,0.069863,38.638975
2026,0.15503112,La Azohia,transportation,domestic-shipping,594.9707566,38.0,-1.171105,37.552495
2026,0.154163104,Puerto De Vinaros,transportation,domestic-shipping,6725.249101,522.0,0.476105,40.462214
2026,0.148849366,Bueu,transportation,international-shipping,6430.831437,4.0,-8.785275,42.328095
2026,0.148123435,Puerto De Playa Blanca,transportation,international-shipping,12921.63977,27.0,-13.824283,28.858266
2026,0.146598779,Melilla Autonomous City,transportation,road-transportation,12314099.45,167.8814399,-2.9504084049293517,35.30152893100009
2026,0.145985814,Grove,transportation,domestic-shipping,648.3410056,68.0,-8.859995,42.496395
2026,0.145098024,S'Arenal,transportation,domestic-shipping,1376.342754,46.0,2.745995,39.500992
2026,0.139901054,Ribeira,transportation,domestic-shipping,10480.94571,304.0,-8.999997,42.539992
2026,0.138892955,Puerto De Las Galletas,transportation,international-shipping,7341.042624,14.0,-16.635968,28.014159
2026,0.134021066,Segur Calafell,transportation,domestic-shipping,280.3807063,50.0,1.606935,41.186695
2026,0.133808143,Burriana,transportation,domestic-shipping,3865.83869,366.0,-0.060412,39.872058
2026,0.129267637,Illa de Arousa,transportation,domestic-shipping,616.3036708,27.0,-8.866105,42.566095
2026,0.12922225,Laredo,transportation,domestic-shipping,3990.329984,266.0,-3.417995,43.416992
2026,0.127289006,Pen scola,transportation,domestic-shipping,11558.49759,943.0,0.404438,40.355795
2026,0.125196513,Candado,transportation,domestic-shipping,506.1722467,53.0,-4.345275,36.714195
2026,0.122398279,Gran Tarajal Harbor,transportation,domestic-shipping,916.9105941,108.0,-14.02555,28.207215
2026,0.122210547,Ares,transportation,international-shipping,1561.290388,5.0,-8.237995,43.421992
2026,0.119339191,Petro,transportation,domestic-shipping,767.3019706,17.0,3.209435,39.360295
2026,0.118247918,Puerto De Santiago,transportation,domestic-shipping,1496.226978,233.0,-16.842217,28.247215
2026,0.115941198,Muros,transportation,domestic-shipping,8011.075022,53.0,-9.056384,42.775271
2026,0.111461821,Carino,transportation,domestic-shipping,2660.709916,112.0,-7.868609,43.735315
2026,0.109282677,Marina de Cala d Or,transportation,domestic-shipping,168.7351338,12.0,3.223055,39.370595
2026,0.107329098,Puerto De Arinaga,transportation,domestic-shipping,751.339432,105.0,-15.39941,27.845048
2026,0.100005413,Puerto De La San Carlos De La Rapita,transportation,domestic-shipping,984.7772804,157.0,0.601116,40.617306
2026,0.099255741,Bermeo,transportation,domestic-shipping,3120.197421,72.0,-2.716802,43.417927
2026,0.098590452,Vicedo,transportation,international-shipping,4722.346045,17.0,-7.675995,43.736992
2026,0.097010464,Puerto Rico Harbor,transportation,international-shipping,2806.867541,7.0,-15.669272,27.759736
2026,0.092907099,Vilanova I La Geltru,transportation,international-shipping,583.7165926,3.0,1.732495,41.222337
2026,0.091711752,"Refineria de bp Energia Espanya,Grao de Castellon",transportation,domestic-shipping,4960.010722,349.0,0.017268,39.949739
2026,0.091647106,Masnou,transportation,domestic-shipping,668.7940771,134.0,2.313055,41.474995
2026,0.084158246,Puerto De Playa De Fanabe,transportation,international-shipping,1327.156988,8.0,-16.726233,28.062943
2026,0.083379331,Muxia,transportation,domestic-shipping,3521.316192,167.0,-9.197497,43.115992
2026,0.082636941,San Feliu De Guixols,transportation,domestic-shipping,1604.175194,105.0,3.033049,41.779698
2026,0.082627106,Colonia de Sant Jordi,transportation,domestic-shipping,1311.847029,153.0,2.997995,39.315995
2026,0.081413201,Puerto De Playa De Santiago,transportation,international-shipping,11115.80219,20.0,-17.197495,28.026938
2026,0.078275065,Fontan,transportation,domestic-shipping,298.470842,9.0,-8.246995,43.361992
2026,0.078199481,Benidorm,transportation,domestic-shipping,196.0417261,78.0,-0.132773,38.534437
2026,0.073386671,Puerto De La Restinga,transportation,domestic-shipping,1231.750486,132.0,-17.981105,27.639994
2026,0.071936596,Balis,transportation,domestic-shipping,350.980258,55.0,2.505995,41.556995
2026,0.070447043,Caleta Del Sebo Harbor,transportation,international-shipping,1008.195677,5.0,-13.477078,29.225966
2026,0.065035742,Castro-Urdiales,transportation,international-shipping,3058.95614,1.0,-3.214716,43.380824
2026,0.064134339,San Javier,transportation,domestic-shipping,815.7644528,173.0,-0.743995,37.746993
2026,0.063653563,Mugardos,transportation,domestic-shipping,17.45148325,6.0,-8.245937,43.461153
2026,0.062088974,Cullera,transportation,domestic-shipping,3440.986831,274.0,-0.255995,39.162992
2026,0.06125995,Puerto De Palamos,transportation,international-shipping,339.2089201,2.0,3.14877,41.850578
2026,0.059261391,El Campello,transportation,domestic-shipping,506.2584183,146.0,-0.384718,38.430295
2026,0.058281805,Benecario,transportation,domestic-shipping,4557.047603,370.0,0.431995,40.412992
2026,0.054396739,Villaricos,transportation,domestic-shipping,441.8783177,40.0,-1.771939,37.246102
2026,0.051928704,San Vicente de la Barquera,transportation,domestic-shipping,1639.061585,192.0,-4.396105,43.386395
2026,0.051680027,l'Escala,transportation,domestic-shipping,1593.993983,236.0,3.147775,42.117795
2026,0.051270909,Castro-Urdiales,transportation,domestic-shipping,234.2666687,22.0,-3.214716,43.380824
2026,0.049971497,Cedeira,transportation,domestic-shipping,8176.249722,349.0,-8.067495,43.657195
2026,0.048301893,Mataro,transportation,domestic-shipping,753.3750803,92.0,2.445995,41.528995
2026,0.047070676,Llanca,transportation,domestic-shipping,2822.347217,148.0,3.162495,42.372795
2026,0.043411409,La Linea,transportation,domestic-shipping,308.1771133,16.0,-5.358948,36.158884
2026,0.04312663,Puerto De Playa De San Juan,transportation,domestic-shipping,448.627835,60.0,-16.814578,28.179077
2026,0.042517429,Pollenca,transportation,domestic-shipping,572.7263383,29.0,3.083995,39.903995
2026,0.041691846,Deportive de la Duquesa,transportation,domestic-shipping,137.2685461,37.0,-5.228995,36.354995
2026,0.039021408,Bueu,transportation,domestic-shipping,1792.323697,134.0,-8.785275,42.328095
2026,0.037375328,Ares,transportation,domestic-shipping,363.3545318,19.0,-8.237995,43.421992
2026,0.037167794,Badolona,transportation,international-shipping,1192.673064,8.0,2.239995,41.429992
2026,0.036397546,San Jose,transportation,international-shipping,62.28710933,1.0,1.382558,38.839985
2026,0.033967109,Ayamonte,transportation,domestic-shipping,47.19257557,24.0,-7.40455,37.21416
2026,0.031521774,Puerto De Playa De Santiago,transportation,domestic-shipping,1765.383291,138.0,-17.197495,28.026938
2026,0.030800355,Portocolom,transportation,domestic-shipping,1435.560964,97.0,3.263325,39.420595
2026,0.030058148,Benalmadena,transportation,international-shipping,1301.202008,9.0,-4.510995,36.593993
2026,0.029551092,Corcubion,transportation,domestic-shipping,322.6005934,16.0,-9.184021,42.945242
2026,0.028345779,Ondarroa,transportation,international-shipping,1522.609985,3.0,-2.421995,43.324992
2026,0.025966192,Puertod De El Chorrillo,transportation,international-shipping,3187.247265,6.0,-16.321662,28.400826
2026,0.025573225,El Toro,transportation,international-shipping,1186.270836,8.0,2.472495,39.498992
2026,0.024099443,Marina de Cala d Or,transportation,international-shipping,998.9192205,5.0,3.223055,39.370595
2026,0.02360386,Premia,transportation,domestic-shipping,577.524485,55.0,2.367995,41.488995
2026,0.023342692,Fontan,transportation,international-shipping,954.2175462,3.0,-8.246995,43.361992
2026,0.023017102,Puero De Tarajal,transportation,domestic-shipping,178.881617,15.0,-17.943328,28.643883
2026,0.022002779,Aguilas,transportation,domestic-shipping,733.057379,71.0,-1.561485,37.401574
2026,0.021199304,San Esteban De Pravia,transportation,domestic-shipping,466.6316472,16.0,-6.116517,43.560381
2026,0.020619648,St Antoni De Portmany,transportation,domestic-shipping,1050.112568,32.0,1.297995,38.975992
2026,0.019800926,Puerto De Mogan,transportation,international-shipping,3349.565623,6.0,-15.764995,27.816938
2026,0.016532704,Puerto De Grandila,transportation,international-shipping,524.3746262,2.0,-16.491098,28.072568
2026,0.01579376,Fisterra,transportation,domestic-shipping,2064.83171,222.0,-9.259995,42.908095
2026,0.015639706,Ginesta,transportation,international-shipping,368.1524347,4.0,1.924435,41.258295
2026,0.015269909,Villaricos,transportation,international-shipping,232.172716,1.0,-1.771939,37.246102
2026,0.014015243,Roda de Bara,transportation,domestic-shipping,45.26160791,15.0,1.484995,41.167995
2026,0.013966381,"Scrap Metal Terminal,Bilbao",transportation,domestic-shipping,82.77732253,10.0,-2.999184,43.315467
2026,0.013604293,Isla Cristina,transportation,domestic-shipping,1056.329195,136.0,-7.329995,37.195995
2026,0.013263674,Almerimar,transportation,international-shipping,1014.017414,8.0,-2.792115,36.696996
2026,0.013154994,Illa de Arousa,transportation,international-shipping,550.5550373,1.0,-8.866105,42.566095
2026,0.012113445,S'Estanyol de Migjorn,transportation,domestic-shipping,113.1225821,12.0,2.918605,39.359695
2026,0.012030131,Es Pelats,transportation,domestic-shipping,779.1949149,61.0,3.463995,39.709995
2026,0.011924238,S'Arenal,transportation,international-shipping,363.9252478,2.0,2.745995,39.500992
2026,0.011901573,Conil,transportation,domestic-shipping,98.65440887,10.0,-6.136665,36.294695
2026,0.011735329,Salou,transportation,domestic-shipping,661.1508477,48.0,1.131105,41.073595
2026,0.011708401,Los Urrutias,transportation,domestic-shipping,121.1103043,28.0,-0.824162,37.678095
2026,0.011452185,Navia,transportation,domestic-shipping,230.906446,19.0,-6.724165,43.542795
2026,0.011390018,Portosin,transportation,domestic-shipping,961.2525235,37.0,-8.975003,42.745491
2026,0.0113715,Puerto De Viveiro,transportation,international-shipping,609.0167712,2.0,-7.597156,43.674226
2026,0.0110348,Getaria,transportation,domestic-shipping,303.946395,38.0,-2.198995,43.304992
2026,0.010844737,Punta Misiera,transportation,domestic-shipping,1644.305722,109.0,-5.264995,43.514995
2026,0.01071603,Carboneras,transportation,domestic-shipping,214.2541527,18.0,-1.897254,36.990465
2026,0.010601922,Puerto De Santa Maria,transportation,domestic-shipping,963.261543,56.0,-6.237899,36.586866
2026,0.008964892,Marina El Rompido,transportation,domestic-shipping,78.17176547,16.0,-7.129165,37.215795
2026,0.008848676,Ribeira,transportation,international-shipping,750.0177849,3.0,-8.999997,42.539992
2026,0.007922216,Roquetas De Mar,transportation,domestic-shipping,904.8097453,80.0,-2.604995,36.755992
2026,0.007562812,Aguadulce,transportation,domestic-shipping,292.0323516,42.0,-2.560555,36.814695
2026,0.0069073,Malpica de Bergantinos,transportation,domestic-shipping,1067.395406,113.0,-8.806935,43.322795
2026,0.006871855,Moraira,transportation,international-shipping,161.7254181,1.0,0.136662,38.686095
2026,0.006705863,Santona,transportation,domestic-shipping,1596.293899,55.0,-3.462995,43.440995
2026,0.006654327,Puero De Tarajal,transportation,international-shipping,1249.302367,2.0,-17.943328,28.643883
2026,0.00649059,Ibiza,transportation,international-shipping,320.5605424,2.0,1.448564,38.906425
2026,0.006246142,Ca n Pastilla,transportation,international-shipping,371.7089811,1.0,2.715555,39.533095
2026,0.005999002,Conil,transportation,international-shipping,80.23237076,1.0,-6.136665,36.294695
2026,0.005604222,Muxia,transportation,international-shipping,400.9556908,4.0,-9.197497,43.115992
2026,0.005577673,Porto De Corme,transportation,domestic-shipping,1475.476187,73.0,-8.963995,43.261992
2026,0.004786191,Marina del Este,transportation,international-shipping,248.8965168,1.0,-3.726105,36.726395
2026,0.004722216,Morro Del Jable Harbor,transportation,international-shipping,601.7475642,2.0,-14.36169,28.049355
2026,0.004693603,Lekeitio,transportation,domestic-shipping,180.7110075,9.0,-2.501105,43.364695
2026,0.004677323,Addaya,transportation,domestic-shipping,78.08247276,6.0,4.197995,40.006995
2026,0.004416852,Fisterra,transportation,international-shipping,287.6115896,2.0,-9.259995,42.908095
2026,0.004130033,Port de la Selva,transportation,domestic-shipping,117.8690741,16.0,3.201995,42.339995
2026,0.003892475,Mutriku,transportation,domestic-shipping,221.4978278,8.0,-2.382215,43.307795
2026,0.003613346,Puerto De Santiago,transportation,international-shipping,698.1185023,3.0,-16.842217,28.247215
2026,0.00356296,Club Nautic Hospitalet Vandellos,transportation,domestic-shipping,108.1205297,20.0,0.927995,40.987995
2026,0.003450958,Denia,transportation,international-shipping,217.4086852,1.0,0.116179,38.84117
2026,0.003263975,Corralejo Harbor,transportation,international-shipping,407.3406702,3.0,-13.861356,28.741383
2026,0.003249032,Puerto Banus,transportation,international-shipping,224.7495029,13.0,-4.955074,36.48634
2026,0.002979339,Bonanza,transportation,international-shipping,124.9024896,1.0,-6.329995,36.799993
2026,0.002814031,Puerto De La Puntilla,transportation,international-shipping,867.1280232,3.0,-17.332217,28.080549
2026,0.002514567,Marina de las Dunas,transportation,domestic-shipping,90.80933691,31.0,-0.644995,38.108995
2026,0.002371256,Laxe,transportation,domestic-shipping,490.4918674,68.0,-9.002495,43.222795
2026,0.002189341,Melilla,transportation,international-shipping,110.4940181,2.0,-2.932897,35.285859
2026,0.002072973,Sotogrande,transportation,international-shipping,208.2765885,36.0,-5.276105,36.288295
2026,0.002007429,Santa Pola,transportation,international-shipping,445.9923928,4.0,-0.559995,38.189992
2026,0.001937378,Puerto De Las Nieves,transportation,international-shipping,422.5835777,1.0,-15.711104,28.100272
2026,0.001930728,Estapona,transportation,international-shipping,222.7674852,28.0,-5.156995,36.413995
2026,0.001876335,Fornells,transportation,domestic-shipping,35.53290938,5.0,4.130995,40.054995
2026,0.00181953,Ons,transportation,domestic-shipping,153.8458995,38.0,-8.928995,42.376992
2026,0.001655818,Chipiona,transportation,international-shipping,79.29764837,2.0,-6.429435,36.746095
2026,0.001380174,La Azohia,transportation,international-shipping,236.2796664,2.0,-1.171105,37.552495
2026,0.001276917,Marina Greenwich,transportation,domestic-shipping,187.2131004,25.0,-0.001999,38.628995
2026,0.001235657,l'Estartit,transportation,international-shipping,71.94083048,4.0,3.204435,42.052795
2026,0.001191702,Palos Marina,transportation,domestic-shipping,108.8949644,5.0,-0.701105,37.631695
2026,0.001174667,Fuengirola,transportation,international-shipping,76.09712471,2.0,-4.609995,36.539993
2026,0.001165858,Gran Tarajal Harbor,transportation,international-shipping,382.5311286,1.0,-14.02555,28.207215
2026,0.001130847,Aguilas,transportation,international-shipping,103.0754316,1.0,-1.561485,37.401574
2026,0.00107159,Fornells,transportation,domestic-shipping,199.4449411,29.0,3.216935,41.938295
2026,0.000798081,Barbate,transportation,international-shipping,58.50226472,2.0,-5.930995,36.185993
2026,0.000728122,Zumaia,transportation,domestic-shipping,28.40072565,14.0,-2.252215,43.296695
2026,0.000717395,Isla Del Moral,transportation,international-shipping,95.17173197,13.0,-7.339995,37.187995
2026,0.000603616,Cedeira,transportation,international-shipping,114.5467655,1.0,-8.067495,43.657195
2026,0.000575612,Cala en Bosc,transportation,domestic-shipping,45.12249223,10.0,3.834715,39.928295
2026,0.00047264,La Linea,transportation,international-shipping,22.90869799,3.0,-5.358948,36.158884
2026,0.000406584,Portosin,transportation,international-shipping,116.3875974,1.0,-8.975003,42.745491
2026,0.000371877,Deportive de la Duquesa,transportation,international-shipping,19.92431505,4.0,-5.228995,36.354995
2026,0.000364932,Muros,transportation,international-shipping,149.8516928,1.0,-9.056384,42.775271
2026,0.0003544,Puerto De Grandila,transportation,domestic-shipping,1.0,2.0,-16.491098,28.072568
2026,0.000314433,Premia,transportation,international-shipping,80.08948598,1.0,2.367995,41.488995
2026,0.000298359,La Manga,transportation,domestic-shipping,7.706589227,4.0,-0.732217,37.662195
2026,0.000273775,Hondbarribia,transportation,domestic-shipping,38.96797174,6.0,-1.79696,43.363074
2026,0.000236478,San Vicente do Grove,transportation,domestic-shipping,14.66570025,7.0,-8.918885,42.457495
2026,0.000194805,Hondarribia,transportation,international-shipping,18.38239625,10.0,-1.79158,43.385623
2026,0.000106869,Rosas,transportation,international-shipping,14.65740062,2.0,3.180132,42.261537
2026,9.23e-05,Port de la Selva,transportation,international-shipping,8.328947227,1.0,3.201995,42.339995
2026,8.46e-05,Ca n Pastilla,transportation,domestic-shipping,22.44791077,2.0,2.715555,39.533095
2026,7.97e-05,l'Escala,transportation,international-shipping,13.38134399,1.0,3.147775,42.117795
2026,4.67e-05,Sa Rapita,transportation,domestic-shipping,4.091947534,2.0,2.953325,39.361395
2026,3.6e-05,Orio,transportation,domestic-shipping,7.929792113,1.0,-2.127495,43.283895
2026,2.25e-05,Llanca,transportation,international-shipping,7.95980223,1.0,3.162495,42.372795
2026,1.88e-05,Esteiro,transportation,domestic-shipping,1.0,1.0,-8.977775,42.788095
2026,8.92e-06,Aguete,transportation,domestic-shipping,2.32161613,1.0,-8.735275,42.374995
2026,1.07e-07,A Pasaxe,transportation,international-shipping,1.0,1.0,-8.853594,41.886429
